country_of_origin,variety,processing_method,total_cup_points,aroma,flavor,acidity,body,balance,altitude_mean_meters
Ethiopia,Unknown,Washed / Wet,90.58,8.67,8.83,8.75,8.5,8.42,2075.0
Ethiopia,Other,Washed / Wet,89.92,8.75,8.67,8.58,8.42,8.42,2075.0
Guatemala,Bourbon,Unknown,89.75,8.42,8.5,8.42,8.33,8.42,1700.0
Ethiopia,Unknown,Natural / Dry,89.0,8.17,8.58,8.42,8.5,8.25,2000.0
Ethiopia,Other,Washed / Wet,88.83,8.25,8.5,8.5,8.42,8.33,2075.0
Brazil,Unknown,Natural / Dry,88.83,8.58,8.42,8.5,8.25,8.33,
Peru,Other,Washed / Wet,88.75,8.42,8.5,8.5,8.25,8.25,
Ethiopia,Unknown,Unknown,88.67,8.25,8.33,8.42,8.33,8.5,1635.0
Ethiopia,Unknown,Unknown,88.42,8.67,8.67,8.42,8.33,8.42,1635.0
Ethiopia,Other,Natural / Dry,88.25,8.08,8.58,8.5,7.67,8.42,1822.5
Ethiopia,Unknown,Natural / Dry,88.08,8.17,8.67,8.5,7.75,8.17,1905.0
United States,Other,Washed / Wet,87.92,8.25,8.42,8.33,8.08,8.17,1872.0
United States,Other,Washed / Wet,87.92,8.08,8.67,8.42,8.0,8.08,1943.0
United States (Hawaii),Unknown,Unknown,87.92,8.33,8.42,8.25,8.25,8.0,609.6
Ethiopia,Unknown,Unknown,87.83,8.25,8.33,8.25,8.58,8.75,1635.0
United States,Other,Washed / Wet,87.58,8.0,8.5,8.17,8.17,8.0,2080.0
Indonesia,Unknown,Unknown,87.42,8.33,8.25,7.75,8.5,8.42,1500.0
Ethiopia,Unknown,Unknown,87.33,8.17,8.33,8.33,8.42,8.33,
China,Catimor,Washed / Wet,87.25,8.42,8.25,8.17,7.92,8.0,1450.0
Ethiopia,Ethiopian Yirgacheffe,Natural / Dry,87.25,8.17,8.17,8.17,8.08,8.33,1850.0
United States,Other,Washed / Wet,87.25,8.0,8.25,8.5,8.25,8.0,2019.0
Costa Rica,Caturra,Washed / Wet,87.17,8.08,8.25,8.17,8.0,8.33,1300.0
Mexico,Other,Washed / Wet,87.17,8.17,8.25,8.0,7.83,8.17,1320.0
United States,Other,Washed / Wet,87.08,8.25,8.33,8.17,7.83,8.17,2112.0
Ethiopia,Unknown,Natural / Dry,87.08,8.42,8.17,8.17,8.33,8.0,
Brazil,Bourbon,Natural / Dry,86.92,8.5,8.5,8.0,8.0,8.0,1250.0
Ethiopia,Unknown,Unknown,86.92,7.83,8.25,8.17,8.17,8.17,
Uganda,SL14,Washed / Wet,86.83,8.42,8.17,8.17,7.83,7.92,1950.0
Honduras,Caturra,Unknown,86.67,8.17,8.08,8.0,8.08,8.0,1400.0
Taiwan,Sumatra,Pulped natural / honey,86.58,8.0,8.0,8.25,8.0,8.17,1200.0
Nicaragua,Unknown,Unknown,86.58,7.92,8.25,8.33,8.0,8.08,
"Tanzania, United Republic Of",Unknown,Natural / Dry,86.5,8.42,8.17,8.0,7.58,8.0,
Brazil,Bourbon,Natural / Dry,86.42,8.5,8.17,7.75,8.0,8.0,1300.0
Costa Rica,Caturra,Washed / Wet,86.33,8.17,7.83,8.08,7.83,8.0,1300.0
Ethiopia,Unknown,Natural / Dry,86.25,8.0,8.08,8.0,8.08,8.08,1775.0
Kenya,SL34,Washed / Wet,86.25,8.08,8.0,8.25,7.92,7.92,1800.0
United States (Hawaii),Hawaiian Kona,Natural / Dry,86.25,8.08,8.17,7.92,7.92,7.83,
United States (Hawaii),Unknown,Unknown,86.25,8.25,8.42,7.75,7.67,7.83,
Ethiopia,Unknown,Unknown,86.25,7.92,7.75,8.08,8.08,8.17,
United States,Other,Washed / Wet,86.17,7.67,8.17,8.0,8.17,8.08,1941.0
Thailand,Caturra,Washed / Wet,86.17,7.83,8.33,8.25,7.58,7.92,1300.0
Brazil,Yellow Bourbon,Unknown,86.17,8.17,7.92,7.75,8.33,8.0,12.0
Brazil,Yellow Bourbon,Unknown,86.17,8.42,7.92,7.75,7.92,8.0,12.0
Taiwan,Bourbon,Semi-washed / Semi-pulped,86.08,8.08,8.17,8.08,7.75,7.83,1000.0
Kenya,SL28,Natural / Dry,86.08,8.08,8.08,8.0,7.83,8.08,1754.0
Brazil,Bourbon,Semi-washed / Semi-pulped,86.08,8.33,8.0,8.0,7.75,8.0,1250.0
Uganda,Unknown,Semi-washed / Semi-pulped,86.0,8.08,8.08,7.92,8.08,7.92,
Colombia,Caturra,Washed / Wet,86.0,7.75,7.92,8.08,8.08,8.17,1200.0
Kenya,SL28,Washed / Wet,86.0,7.92,8.17,8.5,7.5,7.92,1860.0
Uganda,Other,Washed / Wet,86.0,8.25,8.0,8.08,8.0,7.92,1650.0
Ethiopia,Unknown,Unknown,86.0,7.75,8.08,8.25,8.0,8.0,1750.0
United States (Hawaii),Unknown,Unknown,86.0,8.33,8.17,8.0,7.75,7.83,426.72
Guatemala,Bourbon,Washed / Wet,85.92,7.92,8.08,8.08,8.08,7.83,
Uganda,SL14,Natural / Dry,85.92,8.17,8.17,8.08,7.83,7.75,1650.0
Colombia,Caturra,Washed / Wet,85.92,8.0,8.0,8.17,7.83,8.0,1800.0
Panama,Gesha,Washed / Wet,85.83,8.0,8.0,8.08,7.83,8.0,1600.0
Ethiopia,Unknown,Washed / Wet,85.83,7.83,8.08,8.08,8.0,7.92,1900.0
Guatemala,Bourbon,Washed / Wet,85.83,7.83,8.0,8.17,7.83,8.0,1524.0
Guatemala,Catuai,Washed / Wet,85.83,8.0,8.0,8.33,7.83,7.83,1417.32
Ethiopia,Caturra,Natural / Dry,85.75,7.83,8.0,8.17,7.92,8.0,
Peru,Unknown,Washed / Wet,85.75,8.0,8.0,8.08,7.92,7.75,
Papua New Guinea,Unknown,Washed / Wet,85.75,8.33,8.42,8.33,8.0,8.25,1700.0
El Salvador,Bourbon,Washed / Wet,85.58,7.92,8.17,7.92,7.75,7.83,1500.0
El Salvador,Bourbon,Semi-washed / Semi-pulped,85.58,7.83,8.0,7.75,7.92,8.17,1350.0
United States (Hawaii),Hawaiian Kona,Natural / Dry,85.58,7.83,8.0,7.75,8.08,8.0,
Panama,Caturra,Natural / Dry,85.5,8.0,7.75,7.83,7.67,8.58,1680.0
Kenya,SL28,Natural / Dry,85.5,7.92,7.92,8.08,7.83,7.92,1900.0
Ethiopia,Other,Natural / Dry,85.5,7.83,8.0,7.92,7.83,8.08,1900.0
Uganda,SL14,Washed / Wet,85.5,8.33,7.92,7.92,7.67,7.92,1600.0
Guatemala,Bourbon,Washed / Wet,85.5,8.0,7.83,8.33,7.83,8.0,1731.264
Ethiopia,Unknown,Washed / Wet,85.42,7.75,7.83,8.17,7.92,7.83,1900.0
Uganda,SL14,Washed / Wet,85.42,8.08,8.0,7.67,8.0,7.83,1950.0
United States (Hawaii),Hawaiian Kona,Natural / Dry,85.42,7.92,7.92,7.92,7.75,7.92,
Brazil,Bourbon,Semi-washed / Semi-pulped,85.42,8.0,8.0,7.67,7.75,8.0,1250.0
El Salvador,Unknown,Unknown,85.42,8.08,7.83,8.08,7.83,7.83,1400.0
China,Catimor,Natural / Dry,85.33,8.0,8.0,7.83,7.83,7.75,1700.0
Guatemala,Pacamara,Natural / Dry,85.33,7.83,7.75,7.67,7.83,8.58,1770.0
Costa Rica,Caturra,Washed / Wet,85.33,7.92,8.08,7.92,8.0,8.08,1300.0
Costa Rica,Caturra,Washed / Wet,85.33,8.0,7.58,7.67,8.08,8.5,1300.0
Kenya,SL34,Washed / Wet,85.33,7.83,8.08,8.08,7.92,7.75,1600.0
Kenya,SL34,Washed / Wet,85.33,8.0,7.92,8.08,7.83,7.75,1200.0
Ethiopia,Unknown,Unknown,85.33,7.83,7.83,8.08,7.75,7.83,
Ethiopia,Typica,Unknown,85.33,7.92,7.83,8.33,7.75,7.75,
Guatemala,Bourbon,Unknown,85.25,8.0,7.92,8.0,7.92,7.83,
Colombia,Caturra,Washed / Wet,85.25,8.17,7.92,8.0,7.58,7.83,1550.0
Colombia,Caturra,Natural / Dry,85.25,7.58,8.08,7.83,8.0,7.92,1550.0
Indonesia,Sumatra Lintong,Semi-washed / Semi-pulped,85.17,7.75,7.83,8.0,8.08,7.83,1325.0
Guatemala,Caturra,Washed / Wet,85.17,8.25,8.0,7.92,7.75,7.67,1400.0
Ethiopia,Other,Natural / Dry,85.08,7.75,8.0,8.0,8.0,7.92,
Colombia,Caturra,Natural / Dry,85.08,8.17,7.83,8.08,8.0,7.75,2560.0
Ethiopia,Unknown,Natural / Dry,85.08,8.42,8.0,8.0,7.92,7.92,1700.0
United States (Hawaii),Hawaiian Kona,Natural / Dry,85.08,7.58,7.83,7.92,7.83,8.17,
Colombia,Caturra,Natural / Dry,85.08,7.83,8.0,7.75,7.83,7.83,2136.0
United States (Hawaii),Unknown,Unknown,85.08,8.08,8.17,8.0,8.08,8.0,
Ethiopia,Unknown,Unknown,85.08,7.67,8.0,8.0,7.92,7.83,
United States (Hawaii),Unknown,Unknown,85.08,7.5,7.92,7.83,7.92,7.75,
Uganda,SL14,Washed / Wet,85.0,8.17,7.92,7.75,7.67,7.75,1800.0
Colombia,Caturra,Washed / Wet,85.0,8.0,7.92,7.92,7.75,7.83,
Costa Rica,Catuai,Washed / Wet,85.0,7.83,8.0,7.92,7.92,7.83,1900.0
Mexico,Typica,Washed / Wet,85.0,7.83,8.0,7.75,7.67,7.83,1300.0
Kenya,Unknown,Washed / Wet,85.0,8.17,7.83,7.75,7.67,7.83,1.0
Kenya,SL34,Washed / Wet,85.0,7.75,7.83,8.08,8.0,7.75,1580.0
Brazil,Mundo Novo,Natural / Dry,85.0,8.0,8.0,7.83,7.67,7.67,1100.0
Mexico,Pacamara,Unknown,85.0,7.92,8.17,8.08,7.42,7.83,1400.0
United States (Hawaii),Unknown,Unknown,85.0,7.75,7.92,7.75,8.0,8.0,
Guatemala,Unknown,Unknown,85.0,7.83,8.08,8.0,7.75,7.67,1325.88
Colombia,Caturra,Washed / Wet,84.92,7.92,7.92,7.83,7.92,7.83,
Colombia,Caturra,Washed / Wet,84.92,7.92,7.83,7.83,7.75,8.0,1775.0
Taiwan,Typica,Semi-washed / Semi-pulped,84.92,7.67,7.83,7.58,8.0,7.92,800.0
"Tanzania, United Republic Of",Other,Washed / Wet,84.92,8.0,7.83,7.92,7.75,7.75,1620.0
Colombia,Caturra,Washed / Wet,84.92,7.75,7.92,7.75,7.75,8.0,1775.0
Mexico,Typica,Semi-washed / Semi-pulped,84.92,7.75,8.0,7.83,7.5,7.92,1200.0
Brazil,Bourbon,Natural / Dry,84.92,8.0,7.92,7.75,8.0,7.75,1200.0
Brazil,Catuai,Natural / Dry,84.92,8.0,8.0,8.0,7.5,7.75,1000.0
Kenya,Unknown,Unknown,84.92,8.0,7.67,8.17,7.92,7.75,
Taiwan,Typica,Natural / Dry,84.83,7.92,7.58,7.83,7.83,7.83,350.0
Uganda,SL14,Natural / Dry,84.83,7.75,7.92,7.67,8.25,7.75,1650.0
United States (Hawaii),Hawaiian Kona,Natural / Dry,84.83,7.67,7.75,7.75,7.83,8.0,
Ethiopia,Unknown,Unknown,84.83,7.75,7.92,7.92,7.75,7.67,1750.0
Ethiopia,Unknown,Unknown,84.83,7.42,7.92,8.0,7.83,7.83,1750.0
Thailand,Caturra,Pulped natural / honey,84.75,7.75,7.75,7.75,8.0,7.75,
Kenya,SL34,Washed / Wet,84.75,7.92,7.83,7.92,7.75,7.83,1800.0
Honduras,Catuai,Washed / Wet,84.75,7.83,7.75,7.67,7.67,7.67,1450.0
El Salvador,Unknown,Unknown,84.75,7.75,8.0,8.33,7.67,7.92,1200.0
Nicaragua,Unknown,Unknown,84.75,7.83,7.58,7.83,7.75,7.67,925.0
El Salvador,Bourbon,Washed / Wet,84.67,7.83,7.83,8.0,7.83,7.67,1350.0
Indonesia,Java,Washed / Wet,84.67,7.92,7.83,7.75,7.75,7.75,1200.0
Japan,Mundo Novo,Pulped natural / honey,84.67,7.75,7.75,7.42,8.08,7.83,170.0
Costa Rica,Catuai,Washed / Wet,84.67,8.08,7.75,7.83,7.5,7.92,1150.0
Guatemala,Bourbon,Washed / Wet,84.67,7.75,7.83,8.0,7.92,7.75,1600.0
Costa Rica,Caturra,Washed / Wet,84.67,8.17,8.0,7.17,7.83,7.75,1750.0
Ethiopia,Ethiopian Yirgacheffe,Washed / Wet,84.67,8.08,7.83,7.83,7.58,7.67,1900.0
Costa Rica,Other,Other,84.67,7.67,7.58,7.75,7.67,8.58,1750.0
Costa Rica,Catuai,Washed / Wet,84.67,8.0,7.58,7.75,7.75,7.75,1200.0
Costa Rica,Unknown,Washed / Wet,84.67,8.08,7.83,7.83,7.92,8.0,
Taiwan,Typica,Washed / Wet,84.67,8.0,7.92,7.75,7.75,7.75,1000.0
Colombia,Caturra,Washed / Wet,84.67,7.75,7.83,7.83,7.75,7.83,1550.0
Kenya,SL28,Washed / Wet,84.67,7.75,7.92,8.0,7.58,7.75,2000.0
Guatemala,Bourbon,Washed / Wet,84.67,8.0,7.83,7.83,7.67,8.0,1310.64
Guatemala,Bourbon,Washed / Wet,84.67,7.67,7.83,8.0,7.67,7.83,1524.0
Mexico,Typica,Washed / Wet,84.67,7.83,7.58,7.92,7.92,7.83,1200.0
Uganda,Other,Washed / Wet,84.67,7.92,7.83,7.92,7.67,7.75,1775.0
Peru,Unknown,Unknown,84.67,7.67,7.83,7.75,7.92,7.83,
Ethiopia,Unknown,Unknown,84.67,7.42,7.75,8.0,8.0,7.92,1750.0
Kenya,SL34,Washed / Wet,84.58,7.92,7.75,7.75,7.58,7.92,1754.0
Colombia,Other,Washed / Wet,84.58,7.83,7.67,7.92,7.67,7.83,1500.0
Colombia,Caturra,Washed / Wet,84.58,7.92,7.83,8.0,7.83,7.67,
Kenya,Peaberry,Washed / Wet,84.58,7.83,7.83,7.75,7.58,7.83,1800.0
Guatemala,Pacas,Washed / Wet,84.58,7.75,7.83,7.92,7.75,7.83,1524.0
Guatemala,Bourbon,Washed / Wet,84.58,8.0,7.92,7.58,7.58,7.67,1219.2
Colombia,Caturra,Washed / Wet,84.58,7.67,7.67,7.75,7.58,8.5,1550.0
Colombia,Caturra,Washed / Wet,84.58,7.75,7.75,7.75,7.58,8.0,1750.0
Kenya,SL28,Washed / Wet,84.58,7.75,7.75,8.08,7.75,7.75,
Colombia,Caturra,Washed / Wet,84.58,7.67,7.83,8.0,7.58,7.92,1750.0
Costa Rica,Bourbon,Semi-washed / Semi-pulped,84.58,7.75,7.83,8.0,7.83,7.67,1575.0
Colombia,Caturra,Washed / Wet,84.58,7.42,7.67,7.75,8.08,7.83,1800.0
Brazil,Bourbon,Semi-washed / Semi-pulped,84.58,8.0,8.0,7.75,7.58,7.75,1300.0
Brazil,Catuai,Semi-washed / Semi-pulped,84.58,8.5,8.0,7.75,7.5,7.83,1100.0
Costa Rica,Caturra,Washed / Wet,84.5,7.92,7.67,7.75,7.67,7.58,1200.0
Uganda,SL14,Washed / Wet,84.5,7.92,7.75,7.75,7.83,7.75,1750.0
China,Catimor,Washed / Wet,84.5,7.75,7.92,7.83,7.75,7.67,1680.0
Costa Rica,Caturra,Washed / Wet,84.5,7.92,7.83,7.83,7.58,7.58,1700.0
Colombia,Other,Washed / Wet,84.5,8.08,7.67,7.83,7.67,7.67,1800.0
China,Other,Washed / Wet,84.5,7.67,8.0,7.83,7.75,7.58,1100.0
Guatemala,Bourbon,Washed / Wet,84.5,8.17,7.83,7.83,7.67,7.83,1310.64
Kenya,SL28,Washed / Wet,84.5,7.92,7.83,8.0,7.67,7.75,2000.0
Mexico,Typica,Washed / Wet,84.5,8.0,7.92,8.08,7.5,7.67,1350.0
Mexico,Typica,Washed / Wet,84.5,7.92,7.83,7.75,7.75,7.83,1500.0
Guatemala,Bourbon,Washed / Wet,84.5,7.67,8.0,8.0,7.5,7.83,
Brazil,Unknown,Unknown,84.5,7.81,7.81,7.75,7.38,8.25,
Brazil,Unknown,Unknown,84.5,8.17,7.67,7.75,7.67,7.75,
Costa Rica,Caturra,Washed / Wet,84.42,7.58,7.83,8.0,7.67,7.58,1300.0
Indonesia,Mandheling,Other,84.42,7.67,7.67,7.58,7.83,7.83,1400.0
Colombia,Caturra,Natural / Dry,84.42,7.92,7.83,7.67,7.92,7.67,
Colombia,Caturra,Washed / Wet,84.42,7.92,7.75,7.92,7.67,7.75,1775.0
Taiwan,Typica,Washed / Wet,84.42,7.83,7.83,8.0,7.5,7.75,1200.0
United States (Hawaii),Hawaiian Kona,Natural / Dry,84.42,7.92,7.92,7.83,7.5,7.92,
Mexico,Pacamara,Washed / Wet,84.42,7.75,7.92,7.67,7.83,7.67,900.0
Ethiopia,Unknown,Unknown,84.42,7.5,7.75,7.92,7.92,7.75,
Kenya,SL28,Washed / Wet,84.33,7.33,7.58,7.75,7.75,7.92,1800.0
Honduras,Caturra,Unknown,84.33,7.92,8.0,7.67,7.67,7.75,1500.0
Colombia,Caturra,Washed / Wet,84.33,7.58,7.75,7.83,7.67,8.5,
Honduras,Catuai,Washed / Wet,84.33,7.58,7.92,7.75,7.92,7.75,1500.0
Colombia,Unknown,Unknown,84.33,7.67,7.67,7.83,7.75,7.83,
Colombia,Caturra,Natural / Dry,84.33,7.75,7.67,7.67,8.08,7.83,442.0
Colombia,Caturra,Washed / Wet,84.33,7.75,7.58,7.83,7.58,8.08,1800.0
Mexico,Typica,Washed / Wet,84.33,8.0,7.75,7.83,7.5,7.67,1700.0
Brazil,Yellow Bourbon,Unknown,84.33,8.17,8.0,7.75,7.5,7.67,1275.0
Brazil,Unknown,Unknown,84.33,8.0,8.0,7.5,7.67,7.75,1050.0
Ethiopia,Unknown,Unknown,84.33,7.75,7.75,7.75,7.5,7.92,1493.52
Guatemala,Unknown,Unknown,84.33,7.5,7.67,7.67,7.92,7.92,1386.84
Taiwan,Typica,Washed / Wet,84.25,7.92,7.75,7.67,7.67,7.83,1000.0
Thailand,Catimor,Natural / Dry,84.25,7.83,7.75,7.42,7.83,7.67,1200.0
Colombia,Caturra,Natural / Dry,84.25,7.83,7.58,7.58,7.67,8.0,2560.0
Guatemala,Caturra,Washed / Wet,84.25,7.75,7.75,7.92,7.75,7.75,1500.0
Guatemala,Caturra,Washed / Wet,84.25,7.75,7.92,8.08,7.58,7.67,1099.4136
China,Catimor,Natural / Dry,84.25,7.83,7.83,7.75,7.75,7.75,1400.0
Colombia,Caturra,Washed / Wet,84.25,7.67,7.67,7.75,7.67,7.92,1775.0
Colombia,Caturra,Washed / Wet,84.25,7.83,7.67,7.58,7.92,7.75,1775.0
Colombia,Other,Washed / Wet,84.25,7.83,7.75,7.58,7.67,7.75,1800.0
Colombia,Caturra,Natural / Dry,84.25,7.42,7.67,7.75,7.92,7.83,442.0
"Tanzania, United Republic Of",Other,Washed / Wet,84.25,7.83,7.67,7.83,7.67,7.67,1620.0
"Tanzania, United Republic Of",Other,Washed / Wet,84.25,7.83,7.75,7.75,7.67,7.75,1600.0
Guatemala,Bourbon,Other,84.25,7.83,7.83,7.92,7.58,7.75,1219.2
Colombia,Caturra,Washed / Wet,84.25,7.58,7.5,7.83,7.92,7.83,1700.0
United States (Hawaii),Hawaiian Kona,Natural / Dry,84.25,7.33,7.92,7.92,7.92,8.08,
Mexico,Typica,Semi-washed / Semi-pulped,84.25,7.83,7.92,7.83,7.5,7.75,1450.0
Mexico,Bourbon,Washed / Wet,84.25,7.83,7.83,7.67,7.83,7.58,1170.0
Mexico,Bourbon,Washed / Wet,84.25,7.83,7.92,7.75,7.5,7.75,1400.0
Uganda,Other,Natural / Dry,84.25,8.17,7.75,7.67,7.83,7.58,1700.0
Guatemala,Bourbon,Washed / Wet,84.17,7.75,7.83,7.83,7.67,7.75,1700.0
Colombia,Caturra,Washed / Wet,84.17,7.83,7.75,7.67,7.75,7.83,
Costa Rica,Caturra,Washed / Wet,84.17,7.92,7.75,7.67,7.5,7.67,1700.0
Guatemala,Caturra,Washed / Wet,84.17,7.75,7.75,8.0,7.67,7.83,1116.7872
Guatemala,Caturra,Washed / Wet,84.17,7.75,7.92,7.92,7.67,7.67,1565.0
Guatemala,Bourbon,Washed / Wet,84.17,7.58,7.83,7.83,7.83,7.67,
Colombia,Caturra,Washed / Wet,84.17,8.0,7.5,7.67,8.0,7.83,1775.0
Nicaragua,Caturra,Natural / Dry,84.17,7.67,7.83,7.5,7.67,7.83,1000.0
Brazil,Catuai,Natural / Dry,84.17,7.67,7.75,7.67,7.83,7.75,1150.0
Costa Rica,Caturra,Washed / Wet,84.17,7.67,7.75,7.75,7.5,8.0,1850.0
Ethiopia,Gesha,Natural / Dry,84.17,7.5,7.92,7.83,7.75,7.83,1606.5
"Tanzania, United Republic Of",Other,Washed / Wet,84.17,7.92,7.75,7.75,7.75,7.58,1400.0
Colombia,Other,Washed / Wet,84.17,7.67,7.5,7.42,7.83,8.58,1530.0
Guatemala,Unknown,Washed / Wet,84.17,7.67,7.75,7.75,7.75,7.75,
Kenya,SL28,Washed / Wet,84.17,7.58,7.75,7.75,7.75,7.83,250.5
Brazil,Mundo Novo,Natural / Dry,84.17,7.58,7.83,7.67,7.67,8.0,1038.5
Guatemala,Bourbon,Washed / Wet,84.17,7.92,7.75,7.67,7.83,7.92,1310.64
El Salvador,Bourbon,Natural / Dry,84.17,8.42,8.08,7.17,7.58,8.17,1500.0
Colombia,Caturra,Washed / Wet,84.17,7.75,7.75,7.75,7.83,7.75,1750.0
Guatemala,Catuai,Natural / Dry,84.17,7.83,7.5,8.0,7.83,7.83,
Uganda,Other,Washed / Wet,84.17,7.83,7.75,7.83,7.83,7.75,1600.0
Indonesia,Mandheling,Natural / Dry,84.13,7.81,7.88,7.75,7.63,7.75,
Colombia,Caturra,Washed / Wet,84.08,7.83,7.5,7.5,7.83,8.5,442.0
Taiwan,Typica,Washed / Wet,84.08,7.58,7.67,7.67,7.75,7.83,968.0
Guatemala,Bourbon,Washed / Wet,84.08,8.0,7.75,7.58,7.92,7.67,
Colombia,Caturra,Washed / Wet,84.08,7.92,7.75,7.75,7.67,7.67,1775.0
Guatemala,Bourbon,Washed / Wet,84.08,7.58,7.75,8.0,7.75,7.67,1550.0
United States (Hawaii),Hawaiian Kona,Natural / Dry,84.08,7.83,7.75,7.83,7.42,8.08,
Mexico,Typica,Washed / Wet,84.08,7.67,7.75,7.75,7.67,7.75,1480.0
Ethiopia,Other,Natural / Dry,84.08,7.92,7.92,8.0,7.92,7.92,1800.0
Costa Rica,Unknown,Washed / Wet,84.0,7.58,7.75,7.75,7.83,7.75,
Ethiopia,Gesha,Natural / Dry,84.0,7.83,7.75,7.75,7.33,7.75,1800.0
Honduras,Caturra,Washed / Wet,84.0,7.42,7.83,7.92,7.75,7.58,1500.0
Guatemala,Caturra,Washed / Wet,84.0,7.67,7.83,7.92,7.75,7.67,1706.88
Colombia,Other,Washed / Wet,84.0,7.67,7.67,7.58,7.58,7.83,1600.0
Guatemala,Bourbon,Natural / Dry,84.0,7.92,7.67,7.92,7.75,7.83,1219.2
Guatemala,Bourbon,Other,84.0,7.75,7.83,7.83,7.58,7.67,1219.2
Colombia,Unknown,Washed / Wet,84.0,7.67,7.75,7.67,7.67,7.75,1480.0
Colombia,Caturra,Natural / Dry,84.0,7.58,7.42,7.92,7.75,7.92,1450.0
Colombia,Caturra,Washed / Wet,84.0,7.67,7.67,7.5,7.67,7.67,1775.0
Ethiopia,Other,Natural / Dry,84.0,7.75,7.75,7.58,7.67,7.92,1550.0
Brazil,Yellow Bourbon,Natural / Dry,84.0,7.58,7.83,7.25,8.0,7.75,1260.0
Colombia,Caturra,Washed / Wet,84.0,7.67,7.83,7.75,7.67,7.75,1700.0
Kenya,SL34,Washed / Wet,84.0,7.67,7.83,7.75,7.92,7.67,1200.0
Thailand,Other,Washed / Wet,84.0,7.92,8.17,8.42,8.08,8.17,
Kenya,SL28,Washed / Wet,84.0,7.67,7.75,7.75,7.83,7.67,1650.0
Uganda,Other,Washed / Wet,84.0,7.92,7.75,7.67,7.67,7.83,1700.0
Thailand,Unknown,Unknown,84.0,7.58,7.75,7.75,7.58,7.75,
Brazil,Bourbon,Natural / Dry,83.92,7.5,7.75,7.5,7.58,7.5,890.0
Mexico,Mundo Novo,Washed / Wet,83.92,7.83,7.83,7.92,7.42,7.5,1300.0
Thailand,Catimor,Natural / Dry,83.92,7.67,7.75,7.67,7.67,7.83,1350.0
Brazil,Bourbon,Natural / Dry,83.92,7.58,7.67,7.75,7.58,7.83,934.0
Taiwan,Typica,Washed / Wet,83.92,7.83,7.75,7.75,7.83,7.75,1200.0
Colombia,Unknown,Unknown,83.92,7.75,7.67,7.75,7.83,7.75,442.0
Colombia,Unknown,Unknown,83.92,7.75,7.58,7.83,7.75,7.92,
Taiwan,Unknown,Natural / Dry,83.92,7.75,7.75,7.75,7.75,7.67,
Colombia,Unknown,Washed / Wet,83.92,7.92,7.67,7.83,7.58,7.67,
Colombia,Unknown,Washed / Wet,83.92,7.83,7.75,7.58,7.75,7.75,
Colombia,Caturra,Washed / Wet,83.92,7.75,7.58,7.83,7.83,7.67,1775.0
Taiwan,Typica,Washed / Wet,83.92,8.0,7.92,7.92,7.67,7.33,950.0
Colombia,Caturra,Natural / Dry,83.92,7.67,7.83,7.75,7.67,7.83,1550.0
Mexico,Typica,Washed / Wet,83.92,7.67,7.75,7.67,7.75,7.83,900.0
Mexico,Typica,Washed / Wet,83.92,7.5,7.67,7.83,7.75,7.75,1500.0
Mexico,Typica,Washed / Wet,83.92,7.75,7.92,7.92,7.75,7.67,1400.0
Colombia,Caturra,Washed / Wet,83.83,7.92,7.58,7.83,7.58,7.67,2527.0
Colombia,Caturra,Unknown,83.83,7.83,7.67,7.75,7.75,7.75,
Costa Rica,Caturra,Washed / Wet,83.83,7.67,7.67,7.67,7.5,7.75,1850.0
Guatemala,Bourbon,Washed / Wet,83.83,7.75,7.75,7.75,7.83,7.58,1500.0
Taiwan,Unknown,Unknown,83.83,7.75,7.67,7.75,7.75,7.67,1200.0
Brazil,Yellow Bourbon,Natural / Dry,83.83,7.25,7.58,8.0,7.75,7.83,1.0
Taiwan,Typica,Washed / Wet,83.83,7.67,7.75,7.75,7.42,7.75,525.0
Ethiopia,Unknown,Natural / Dry,83.83,7.75,7.75,7.67,7.58,7.67,1676.5
Brazil,Bourbon,Semi-washed / Semi-pulped,83.83,7.67,7.67,7.5,7.83,8.17,1200.0
Costa Rica,Catuai,Washed / Wet,83.83,7.83,7.42,7.83,7.75,7.83,1300.0
Guatemala,Bourbon,Washed / Wet,83.83,7.58,7.83,8.0,7.58,7.75,1219.2
Brazil,Yellow Bourbon,Natural / Dry,83.83,7.92,7.5,7.67,8.17,7.5,1260.0
Ecuador,Unknown,Natural / Dry,83.83,7.5,7.67,7.75,7.83,7.83,800.0
Colombia,Caturra,Washed / Wet,83.83,7.67,7.58,7.83,7.58,7.67,1750.0
Guatemala,Bourbon,Washed / Wet,83.83,7.5,7.83,7.83,7.83,7.67,1310.64
Mexico,Bourbon,Natural / Dry,83.83,7.67,8.0,7.42,7.67,7.5,1218.0
Mexico,Pacas,Natural / Dry,83.83,7.67,7.58,7.75,7.75,7.75,1300.0
Brazil,Yellow Bourbon,Semi-washed / Semi-pulped,83.83,7.83,7.83,7.67,7.5,7.58,1250.0
Thailand,Unknown,Unknown,83.83,7.75,7.75,8.0,7.67,7.58,1499.9208
Thailand,Unknown,Unknown,83.83,7.5,7.83,7.58,7.75,7.83,
Ethiopia,Unknown,Unknown,83.83,7.58,7.83,8.0,7.83,7.5,
Kenya,SL28,Washed / Wet,83.75,7.75,7.58,7.58,7.75,7.75,1800.0
Brazil,Bourbon,Natural / Dry,83.75,7.67,7.67,7.75,7.67,7.67,890.0
Colombia,Caturra,Washed / Wet,83.75,7.83,7.83,7.58,7.58,7.58,442.0
Taiwan,Typica,Natural / Dry,83.75,7.67,7.67,7.58,7.67,7.83,750.0
Colombia,Unknown,Washed / Wet,83.75,7.92,7.75,7.67,7.75,7.5,
China,Catimor,Washed / Wet,83.75,7.83,7.75,7.5,7.58,7.67,1650.0
Colombia,Caturra,Natural / Dry,83.75,7.75,7.67,7.67,7.58,7.83,442.0
Uganda,Bourbon,Natural / Dry,83.75,8.0,7.92,7.75,7.33,7.5,1400.0
United States (Puerto Rico),Other,Washed / Wet,83.75,7.83,7.83,7.67,8.0,8.17,853.44
Colombia,Caturra,Washed / Wet,83.75,7.67,7.67,7.92,7.5,7.67,1775.0
Colombia,Other,Washed / Wet,83.75,7.67,7.42,7.42,8.0,8.33,1550.0
Colombia,Caturra,Washed / Wet,83.75,7.58,7.67,7.67,7.67,7.67,1750.0
Colombia,Caturra,Washed / Wet,83.75,7.75,7.67,7.58,7.42,8.0,1750.0
United States (Hawaii),Hawaiian Kona,Natural / Dry,83.75,7.25,7.42,7.58,7.83,8.25,
Mexico,Caturra,Natural / Dry,83.75,7.83,7.58,7.5,7.75,7.67,700.0
Guatemala,Caturra,Washed / Wet,83.75,7.67,7.58,7.67,7.75,7.75,1300.0
Colombia,Unknown,Unknown,83.75,7.83,7.83,7.33,7.42,7.67,1600.0
Colombia,Unknown,Unknown,83.75,7.75,7.67,7.25,7.58,8.5,1600.0
United States (Hawaii),Unknown,Unknown,83.75,7.83,7.67,7.67,7.58,7.5,
Brazil,Bourbon,Natural / Dry,83.67,7.67,7.83,7.67,7.67,7.5,890.0
Kenya,SL28,Washed / Wet,83.67,8.08,7.67,7.58,7.25,7.67,1700.0
Honduras,Caturra,Washed / Wet,83.67,7.5,7.5,7.67,8.0,8.0,1400.0
Nicaragua,Caturra,Washed / Wet,83.67,7.67,7.75,7.67,7.83,7.58,1250.0
Brazil,Bourbon,Natural / Dry,83.67,7.58,7.75,7.75,7.58,7.58,934.0
Taiwan,Caturra,Natural / Dry,83.67,7.5,7.67,7.92,7.83,7.67,1200.0
Costa Rica,Unknown,Unknown,83.67,7.33,7.67,7.5,7.67,7.5,1350.0
Thailand,Unknown,Washed / Wet,83.67,7.5,7.75,7.83,7.67,7.58,800.0
Colombia,Caturra,Washed / Wet,83.67,7.5,7.75,7.75,7.67,7.67,1625.0
Guatemala,Bourbon,Washed / Wet,83.67,8.0,7.5,8.0,8.0,8.0,1356.6648
Colombia,Caturra,Washed / Wet,83.67,7.83,7.75,7.58,7.58,7.67,1750.0
Colombia,Caturra,Washed / Wet,83.67,7.67,7.67,7.67,7.33,7.75,1900.0
Guatemala,Bourbon,Washed / Wet,83.67,7.67,7.67,7.67,8.0,7.75,1310.64
Guatemala,Bourbon,Washed / Wet,83.67,7.83,7.67,7.67,7.67,7.83,1310.64
Colombia,Caturra,Washed / Wet,83.67,7.75,7.75,7.83,7.17,7.75,1750.0
Guatemala,Caturra,Natural / Dry,83.67,8.17,8.17,7.67,8.08,7.75,1450.0
Guatemala,Bourbon,Washed / Wet,83.67,7.67,8.17,7.42,7.58,7.83,1310.64
Mexico,Typica,Washed / Wet,83.67,7.67,7.5,7.33,7.83,8.25,1100.0
Indonesia,Typica,Washed / Wet,83.67,8.17,7.67,7.58,7.42,7.67,1400.0
Guatemala,Caturra,Washed / Wet,83.67,7.67,7.5,8.0,7.67,7.67,1524.0
United States (Hawaii),Unknown,Unknown,83.67,7.75,8.0,8.08,7.75,8.0,
Brazil,Bourbon,Natural / Dry,83.58,7.58,7.67,7.58,7.67,7.58,890.0
Guatemala,Caturra,Washed / Wet,83.58,7.75,7.75,7.83,7.58,7.58,1128.3696
Colombia,Caturra,Washed / Wet,83.58,7.75,7.75,7.58,7.67,7.58,
China,Catimor,Washed / Wet,83.58,7.67,7.58,7.58,7.67,7.75,1100.0
Colombia,Caturra,Washed / Wet,83.58,7.67,7.75,7.67,7.75,7.58,1775.0
Mexico,Caturra,Washed / Wet,83.58,7.75,7.75,7.58,7.5,7.67,1200.0
Ethiopia,Other,Washed / Wet,83.58,7.75,7.67,7.67,7.5,7.67,1850.0
Uganda,SL14,Washed / Wet,83.58,7.67,7.67,7.75,7.75,7.67,1800.0
Colombia,Caturra,Natural / Dry,83.58,7.67,7.58,7.67,7.67,7.67,1600.0
Colombia,Caturra,Washed / Wet,83.58,7.67,7.58,7.58,7.67,7.75,1550.0
Colombia,Caturra,Washed / Wet,83.58,7.75,7.58,7.58,7.75,7.83,1550.0
Taiwan,Typica,Other,83.58,7.75,7.75,7.75,7.5,7.58,1000.0
Colombia,Caturra,Washed / Wet,83.58,7.67,7.67,7.67,7.75,7.58,1775.0
Mexico,Typica,Washed / Wet,83.58,7.83,7.67,7.58,7.67,7.58,1000.0
Colombia,Caturra,Natural / Dry,83.58,7.67,7.58,7.58,7.67,7.75,2136.0
Brazil,Catuai,Semi-washed / Semi-pulped,83.58,7.83,7.75,7.75,7.5,7.58,1100.0
Colombia,Caturra,Washed / Wet,83.5,7.75,7.58,7.75,7.75,7.5,1799.0
Taiwan,Unknown,Unknown,83.5,7.58,7.58,7.17,7.0,7.0,
Costa Rica,Caturra,Washed / Wet,83.5,7.92,7.42,7.67,7.5,7.67,1850.0
Colombia,Caturra,Natural / Dry,83.5,7.75,7.58,7.5,7.75,7.75,1000.0
Guatemala,Bourbon,Washed / Wet,83.5,7.67,7.75,7.83,7.58,7.58,1219.2
Colombia,Caturra,Washed / Wet,83.5,7.58,7.58,7.58,7.75,7.67,1775.0
"Tanzania, United Republic Of",Ruiru 11,Washed / Wet,83.5,7.75,7.67,7.67,7.67,7.58,1400.0
Indonesia,Sumatra,Semi-washed / Semi-pulped,83.5,7.25,7.67,7.92,7.83,7.58,1500.0
Ethiopia,Unknown,Natural / Dry,83.5,7.67,7.75,7.58,7.75,7.67,1600.0
Colombia,Unknown,Washed / Wet,83.5,7.67,7.42,7.83,7.58,7.67,
Colombia,Caturra,Washed / Wet,83.5,8.0,7.58,7.58,7.92,7.58,1850.0
Guatemala,Caturra,Washed / Wet,83.5,7.58,7.75,7.83,7.42,7.67,1400.0
Colombia,Caturra,Washed / Wet,83.5,7.75,7.58,7.5,7.83,7.83,1650.0
Honduras,Caturra,Natural / Dry,83.5,7.67,7.5,7.5,7.67,7.67,1350.0
Colombia,Caturra,Washed / Wet,83.5,7.58,7.75,7.67,7.75,7.67,1750.0
Colombia,Caturra,Washed / Wet,83.5,7.58,7.67,7.75,7.58,7.75,1750.0
Mexico,Bourbon,Natural / Dry,83.5,7.83,7.58,7.5,7.5,7.42,1170.0
Mexico,Typica,Semi-washed / Semi-pulped,83.5,7.67,7.75,7.75,7.58,7.5,940.0
Mexico,Pacamara,Washed / Wet,83.5,7.75,7.67,7.75,7.33,7.5,1400.0
Guatemala,Caturra,Washed / Wet,83.5,7.83,7.5,8.0,7.67,7.5,1524.0
Colombia,Caturra,Washed / Wet,83.5,7.67,7.58,7.67,7.67,7.67,1775.0
Guatemala,Bourbon,Washed / Wet,83.5,7.5,7.5,7.5,8.0,7.67,1402.08
United States (Hawaii),Unknown,Unknown,83.5,7.5,7.67,7.92,7.58,7.67,
Indonesia,Unknown,Unknown,83.5,7.83,7.58,7.58,7.75,7.58,1600.0
Colombia,Caturra,Washed / Wet,83.42,7.5,7.58,7.5,7.75,7.83,439.0
Guatemala,Bourbon,Washed / Wet,83.42,7.67,7.75,7.58,7.58,7.67,1700.0
Colombia,Caturra,Washed / Wet,83.42,7.67,7.67,7.67,7.67,7.58,442.0
Costa Rica,Caturra,Washed / Wet,83.42,7.58,7.5,7.92,7.5,7.67,1850.0
Taiwan,Unknown,Unknown,83.42,7.67,7.67,7.08,7.0,7.0,
Uganda,SL14,Washed / Wet,83.42,7.58,7.75,7.75,7.67,7.58,1800.0
Thailand,Catimor,Washed / Wet,83.42,7.5,7.58,7.5,7.75,7.67,1200.0
El Salvador,Bourbon,Washed / Wet,83.42,7.58,7.5,7.58,7.75,7.67,1330.0
Colombia,Caturra,Natural / Dry,83.42,7.58,7.67,7.67,7.58,7.67,442.0
Brazil,Yellow Bourbon,Semi-washed / Semi-pulped,83.42,7.33,7.83,7.5,7.42,7.83,
"Tanzania, United Republic Of",Bourbon,Washed / Wet,83.42,7.75,7.67,7.67,7.58,7.58,1600.0
Colombia,Caturra,Washed / Wet,83.42,7.58,7.58,7.75,7.75,8.58,1813.0
Guatemala,Bourbon,Natural / Dry,83.42,7.75,7.83,7.83,7.5,7.67,1219.2
Guatemala,Caturra,Washed / Wet,83.42,7.67,7.75,7.83,7.58,7.5,1500.0
Guatemala,Bourbon,Washed / Wet,83.42,7.67,7.5,7.42,7.75,7.75,1310.64
United States (Hawaii),Hawaiian Kona,Natural / Dry,83.42,7.42,7.75,7.58,7.67,7.67,
Colombia,Caturra,Washed / Wet,83.42,7.5,7.75,7.5,7.67,7.75,1450.0
Colombia,Unknown,Unknown,83.42,7.58,7.58,7.67,7.75,7.67,
United States (Hawaii),Unknown,Unknown,83.42,7.5,7.92,7.67,7.83,7.58,
Thailand,Peaberry,Unknown,83.42,7.58,7.25,7.92,7.92,7.42,
Mexico,Unknown,Unknown,83.38,7.25,7.88,7.63,7.5,8.75,1050.0
Colombia,Caturra,Washed / Wet,83.33,7.75,7.5,7.58,7.58,7.58,1650.0
Colombia,Caturra,Washed / Wet,83.33,7.67,7.58,7.42,7.67,7.75,
Colombia,Caturra,Washed / Wet,83.33,7.83,7.58,7.58,7.5,7.58,
Brazil,Catuai,Semi-washed / Semi-pulped,83.33,7.5,7.83,7.58,7.58,7.92,1227.0
Mexico,Caturra,Washed / Wet,83.33,7.75,7.75,7.67,7.5,7.58,1200.0
Colombia,Caturra,Washed / Wet,83.33,7.67,7.75,7.83,7.83,7.42,1650.0
"Tanzania, United Republic Of",Other,Semi-washed / Semi-pulped,83.33,7.75,7.58,7.58,7.58,7.58,1700.0
Mexico,Other,Washed / Wet,83.33,7.67,7.67,7.67,7.5,7.58,1100.0
Costa Rica,Caturra,Washed / Wet,83.33,7.67,7.67,7.67,7.67,7.67,1300.0
United States (Hawaii),Hawaiian Kona,Natural / Dry,83.33,7.83,7.58,7.67,7.92,8.0,
Costa Rica,Catuai,Washed / Wet,83.33,7.5,7.67,7.5,7.83,7.17,1200.0
Peru,Unknown,Washed / Wet,83.33,7.83,7.75,7.83,7.92,7.58,
Haiti,Typica,Washed / Wet,83.33,7.58,7.5,7.5,7.83,7.42,1280.16
Colombia,Caturra,Natural / Dry,83.33,7.67,7.67,7.67,7.92,7.42,1000.0
Guatemala,Bourbon,Washed / Wet,83.33,7.83,7.67,7.67,7.67,7.67,1310.64
United States (Hawaii),Hawaiian Kona,Natural / Dry,83.33,7.92,7.5,7.83,7.67,7.67,
Burundi,Bourbon,Washed / Wet,83.33,7.75,7.67,7.5,7.5,7.75,1880.0
Colombia,Caturra,Washed / Wet,83.33,7.5,7.67,7.58,7.67,7.58,1750.0
United States (Hawaii),Unknown,Unknown,83.33,8.08,7.83,7.75,7.67,7.58,
United States (Hawaii),Unknown,Unknown,83.33,7.58,7.67,7.5,7.83,7.67,
Mexico,Typica,Washed / Wet,83.25,7.67,7.83,7.83,7.33,7.5,1600.0
Costa Rica,Catuai,Pulped natural / honey,83.25,7.5,7.5,7.5,7.67,7.67,1900.0
Costa Rica,Unknown,Washed / Wet,83.25,7.83,7.5,7.67,7.5,7.67,
Guatemala,Pacas,Washed / Wet,83.25,7.5,7.58,7.83,7.67,7.58,2100.0
Uganda,SL14,Washed / Wet,83.25,7.5,7.67,7.42,7.67,7.67,
Brazil,Unknown,Unknown,83.25,7.58,7.67,7.5,7.67,7.42,
Colombia,Caturra,Natural / Dry,83.25,7.58,7.67,7.17,7.75,7.83,442.0
Mexico,Typica,Natural / Dry,83.25,7.83,7.75,7.58,7.58,7.58,1261.0
Taiwan,Bourbon,Washed / Wet,83.25,7.67,7.5,7.5,7.67,7.83,1000.0
Taiwan,Typica,Washed / Wet,83.25,7.92,7.83,7.58,7.5,7.33,800.0
Colombia,Caturra,Natural / Dry,83.25,7.58,7.58,7.58,7.58,7.75,1483.0
Guatemala,Caturra,Washed / Wet,83.25,7.5,7.67,7.67,7.67,7.5,1500.0
Colombia,Caturra,Washed / Wet,83.25,7.83,7.5,7.33,7.67,7.67,1750.0
Mexico,Bourbon,Washed / Wet,83.25,7.58,7.75,7.5,7.58,7.58,1300.0
United States (Hawaii),Hawaiian Kona,Natural / Dry,83.25,7.58,7.75,8.0,8.08,7.67,
Mexico,Mundo Novo,Washed / Wet,83.25,7.75,7.58,7.58,7.5,7.58,
Mexico,Caturra,Washed / Wet,83.25,7.75,7.75,7.92,7.33,7.5,1000.0
Guatemala,Bourbon,Washed / Wet,83.25,7.83,7.58,7.83,7.42,8.08,1310.64
Brazil,Yellow Bourbon,Semi-washed / Semi-pulped,83.25,7.75,7.67,7.58,7.58,7.58,1200.0
Colombia,Caturra,Washed / Wet,83.25,7.67,7.58,7.42,7.83,7.58,175.0
Colombia,Caturra,Washed / Wet,83.25,7.67,7.67,7.5,7.58,7.67,1775.0
Colombia,Unknown,Unknown,83.25,7.92,7.75,7.42,7.83,7.58,1700.0
Colombia,Unknown,Unknown,83.25,8.0,7.67,7.25,7.67,7.5,1880.0
Colombia,Unknown,Unknown,83.25,7.92,7.75,7.42,7.42,7.67,1800.0
Brazil,Bourbon,Natural / Dry,83.17,7.67,7.42,7.58,7.67,7.58,890.0
Guatemala,Bourbon,Washed / Wet,83.17,7.58,7.58,7.67,7.75,7.58,1901.0
"Tanzania, United Republic Of",Bourbon,Washed / Wet,83.17,7.67,7.58,7.67,7.67,7.58,168.0
Peru,Unknown,Unknown,83.17,7.92,7.5,7.58,7.67,7.5,
Vietnam,Catimor,Natural / Dry,83.17,7.58,7.42,7.33,7.58,8.58,1550.0
Guatemala,Caturra,Washed / Wet,83.17,7.67,7.75,7.75,7.58,7.5,1500.0
Honduras,Catuai,Washed / Wet,83.17,7.67,7.67,7.67,7.5,7.67,1450.0
China,Catimor,Washed / Wet,83.17,7.5,7.67,7.67,7.67,7.67,1200.0
China,Catimor,Washed / Wet,83.17,7.67,7.67,7.67,7.42,7.58,1600.0
El Salvador,Bourbon,Washed / Wet,83.17,7.5,7.5,7.67,8.0,7.67,1350.0
Guatemala,Bourbon,Washed / Wet,83.17,7.5,7.75,7.83,7.58,7.5,1500.0
Guatemala,Bourbon,Washed / Wet,83.17,7.92,7.67,7.75,7.5,7.5,1650.0
Kenya,SL28,Washed / Wet,83.17,7.83,7.75,7.75,7.83,8.5,250.5
Thailand,Unknown,Washed / Wet,83.17,7.67,7.58,7.75,7.42,7.67,800.0
"Tanzania, United Republic Of",Other,Washed / Wet,83.17,7.58,7.67,7.58,7.42,7.58,1653.0
Colombia,Caturra,Washed / Wet,83.17,7.58,7.5,7.67,7.5,7.67,1775.0
Uganda,SL14,Washed / Wet,83.17,8.0,7.67,7.42,7.33,7.58,1800.0
Colombia,Unknown,Washed / Wet,83.17,7.58,7.75,7.58,7.58,7.58,
Honduras,Catuai,Natural / Dry,83.17,7.5,7.5,7.67,7.67,7.67,1450.0
Honduras,Caturra,Natural / Dry,83.17,7.67,7.67,7.67,7.5,7.67,1350.0
Guatemala,Catuai,Washed / Wet,83.17,7.33,7.83,8.17,7.33,7.67,1524.0
United States (Hawaii),Hawaiian Kona,Natural / Dry,83.17,7.5,7.5,7.42,7.92,7.67,
"Tanzania, United Republic Of",Bourbon,Washed / Wet,83.17,7.58,7.5,7.75,7.58,7.58,1800.0
Guatemala,Bourbon,Washed / Wet,83.17,7.67,7.83,7.67,7.5,7.67,1310.64
Mexico,Typica,Washed / Wet,83.17,7.75,7.58,7.58,7.5,7.42,1500.0
Mexico,Typica,Washed / Wet,83.17,7.75,7.67,7.5,7.42,7.58,532.0
Mexico,Pacamara,Washed / Wet,83.17,7.58,7.75,7.67,7.5,7.58,1089.0
Colombia,Caturra,Washed / Wet,83.17,7.67,7.5,7.5,7.58,8.17,1775.0
Mexico,Typica,Washed / Wet,83.17,7.75,7.5,7.75,7.58,7.58,700.0
Colombia,Caturra,Washed / Wet,83.17,7.58,7.67,7.58,7.67,7.67,1750.0
Mexico,Typica,Washed / Wet,83.17,7.5,7.75,7.58,7.67,7.5,1380.0
Brazil,Mundo Novo,Natural / Dry,83.17,7.75,7.67,7.5,7.58,7.58,1000.0
Brazil,Mundo Novo,Natural / Dry,83.17,7.92,7.58,7.58,7.42,7.5,950.0
Guatemala,Bourbon,Washed / Wet,83.17,7.75,7.5,7.5,7.92,8.0,1402.08
Brazil,Mundo Novo,Semi-washed / Semi-pulped,83.17,7.75,7.5,7.5,7.75,7.5,1000.0
Brazil,Unknown,Unknown,83.17,7.58,7.75,7.5,7.67,7.58,900.0
El Salvador,Unknown,Unknown,83.17,7.42,7.83,8.08,7.17,7.58,1200.0
Ethiopia,Unknown,Unknown,83.17,7.75,8.0,8.08,7.83,7.92,1850.0
Colombia,Caturra,Washed / Wet,83.08,7.58,7.67,7.67,7.75,7.58,1799.0
Colombia,Caturra,Washed / Wet,83.08,7.75,7.5,7.42,8.0,7.75,
Brazil,Yellow Bourbon,Pulped natural / honey,83.08,7.58,7.58,7.5,7.67,7.58,905.0
Brazil,Yellow Bourbon,Natural / Dry,83.08,7.33,7.67,7.33,7.75,7.42,1.0
Taiwan,Typica,Natural / Dry,83.08,7.83,7.92,7.83,7.67,7.25,750.0
Brazil,Mundo Novo,Natural / Dry,83.08,7.42,7.67,7.5,7.75,7.67,
Brazil,Bourbon,Washed / Wet,83.08,7.58,7.83,7.42,7.42,7.5,1200.0
Costa Rica,Catuai,Washed / Wet,83.08,7.83,7.33,7.67,7.58,7.67,1300.0
United States (Hawaii),Hawaiian Kona,Natural / Dry,83.08,7.33,7.75,7.33,7.83,7.67,
Taiwan,Typica,Other,83.08,7.75,7.75,7.5,7.5,7.5,1300.0
United States (Hawaii),Hawaiian Kona,Natural / Dry,83.08,7.83,7.83,7.17,7.75,7.67,
Mexico,Other,Washed / Wet,83.08,7.75,7.67,7.75,7.5,7.5,1400.0
United States (Hawaii),Hawaiian Kona,Natural / Dry,83.08,7.67,7.58,7.67,7.92,8.0,
United States (Hawaii),Hawaiian Kona,Washed / Wet,83.08,7.33,7.58,7.92,7.67,7.58,
Colombia,Caturra,Unknown,83.08,7.33,7.33,7.58,7.25,8.08,1775.0
Colombia,Unknown,Unknown,83.08,7.83,7.75,7.25,7.42,7.92,1880.0
Indonesia,Unknown,Unknown,83.08,7.67,7.58,7.58,7.67,7.58,1350.0
Guatemala,Unknown,Unknown,83.08,7.92,7.67,7.25,7.83,7.67,
Brazil,Bourbon,Natural / Dry,83.0,7.58,7.5,7.75,7.67,7.5,890.0
Brazil,Bourbon,Natural / Dry,83.0,7.5,7.58,7.67,7.58,7.5,894.0
Brazil,Bourbon,Natural / Dry,83.0,7.5,7.67,7.67,7.58,7.42,872.0
Uganda,Bourbon,Washed / Wet,83.0,7.67,7.58,7.42,7.83,7.5,1473.0
Uganda,Bourbon,Natural / Dry,83.0,7.67,7.67,7.58,7.42,7.5,1645.0
Colombia,Unknown,Unknown,83.0,7.67,7.67,7.67,7.5,7.58,442.0
Vietnam,Caturra,Other,83.0,7.75,7.67,7.58,7.42,7.67,1550.0
Guatemala,Catuai,Washed / Wet,83.0,7.67,7.75,7.92,7.42,7.5,1550.0
Guatemala,Catuai,Washed / Wet,83.0,7.75,7.67,7.75,7.5,7.42,1371.6
Guatemala,Bourbon,Washed / Wet,83.0,7.83,7.67,7.67,7.75,7.5,1500.0
Brazil,Catuai,Natural / Dry,83.0,7.67,7.67,7.5,7.42,7.5,1000.0
Taiwan,Typica,Washed / Wet,83.0,7.92,7.92,7.58,7.33,7.25,1200.0
Uganda,SL14,Washed / Wet,83.0,7.83,7.58,7.5,7.58,7.5,1800.0
United States (Puerto Rico),Other,Washed / Wet,83.0,7.67,7.5,7.83,7.75,7.83,853.44
Guatemala,Bourbon,Washed / Wet,83.0,7.67,7.67,7.83,7.5,7.5,1500.0
Costa Rica,Catuai,Washed / Wet,83.0,7.67,7.58,7.58,7.5,7.5,1200.0
Brazil,Yellow Bourbon,Semi-washed / Semi-pulped,83.0,7.75,7.58,7.67,7.42,7.67,1250.0
Colombia,Caturra,Washed / Wet,83.0,7.75,7.42,7.5,7.58,7.17,1775.0
Colombia,Caturra,Washed / Wet,83.0,7.83,7.5,7.33,7.5,7.67,1750.0
Colombia,Caturra,Natural / Dry,83.0,7.33,7.67,7.42,7.75,7.58,1000.0
Colombia,Caturra,Natural / Dry,83.0,7.58,7.75,7.67,7.58,7.42,1000.0
Colombia,Caturra,Washed / Wet,83.0,7.5,7.5,7.58,7.75,7.58,1775.0
Mexico,Typica,Washed / Wet,83.0,7.67,7.58,7.5,7.67,7.58,750.0
Mexico,Typica,Semi-washed / Semi-pulped,83.0,7.67,7.83,7.58,7.58,7.67,1200.0
Mexico,Bourbon,Washed / Wet,83.0,7.5,7.67,7.5,7.58,7.58,1200.0
Colombia,Arusha,Natural / Dry,83.0,7.67,7.58,7.5,7.75,7.5,
Colombia,Caturra,Washed / Wet,83.0,7.75,7.58,7.67,7.83,7.75,1625.0
Colombia,Caturra,Washed / Wet,83.0,7.67,7.58,7.58,7.67,7.42,1750.0
Guatemala,Bourbon,Washed / Wet,83.0,7.5,7.67,7.67,7.5,7.83,1371.6
Colombia,Caturra,Washed / Wet,83.0,7.67,7.67,7.5,7.67,7.42,1775.0
Thailand,Unknown,Unknown,83.0,7.33,7.67,7.5,7.75,7.67,
Colombia,Unknown,Unknown,83.0,7.33,7.67,7.33,7.58,7.92,1450.0
United States (Hawaii),Unknown,Unknown,83.0,7.83,7.83,7.83,7.92,7.83,
United States (Hawaii),Unknown,Unknown,83.0,7.5,7.58,7.58,7.58,7.67,
Colombia,Unknown,Unknown,83.0,7.5,7.58,7.67,7.58,7.58,1800.0
Nicaragua,Caturra,Unknown,83.0,7.58,7.83,7.92,7.92,8.08,
Thailand,Unknown,Unknown,83.0,7.5,7.25,7.75,8.17,7.5,
Brazil,Bourbon,Natural / Dry,82.92,7.67,7.58,7.58,7.58,7.5,890.0
El Salvador,Bourbon,Washed / Wet,82.92,7.5,7.5,7.58,7.92,7.83,1350.0
Colombia,Caturra,Washed / Wet,82.92,7.58,7.67,7.33,7.67,7.58,1500.0
Taiwan,Caturra,Natural / Dry,82.92,7.17,7.83,7.67,7.67,7.58,350.0
Ethiopia,Ethiopian Heirlooms,Washed / Wet,82.92,7.58,7.58,7.5,7.58,7.58,2000.0
Taiwan,Typica,Natural / Dry,82.92,7.5,7.58,7.33,7.5,7.75,775.0
Philippines,Other,Washed / Wet,82.92,7.58,7.58,7.58,7.5,7.5,1200.0
Philippines,Other,Washed / Wet,82.92,8.08,7.5,7.42,7.33,7.5,1600.0
Mexico,Typica,Natural / Dry,82.92,7.83,7.67,7.58,7.5,7.5,1059.0
Mexico,Bourbon,Washed / Wet,82.92,7.75,7.67,7.42,7.75,7.5,1300.0
Brazil,Moka Peaberry,Semi-washed / Semi-pulped,82.92,7.08,7.5,7.83,7.75,7.67,
Uganda,SL14,Washed / Wet,82.92,8.0,7.5,7.58,7.33,7.42,1650.0
Uganda,SL14,Washed / Wet,82.92,7.75,7.58,7.5,7.5,7.5,1400.0
Guatemala,Bourbon,Washed / Wet,82.92,7.75,7.5,7.58,7.67,7.5,1500.0
Guatemala,Caturra,Natural / Dry,82.92,7.67,7.83,7.5,7.33,7.5,1500.0
Guatemala,Unknown,Washed / Wet,82.92,7.58,7.58,7.58,7.58,7.58,
Colombia,Caturra,Washed / Wet,82.92,7.58,7.5,7.33,7.58,7.58,1900.0
Colombia,Caturra,Natural / Dry,82.92,7.75,7.5,7.5,7.75,7.5,1750.0
Guatemala,Bourbon,Washed / Wet,82.92,7.83,7.75,7.92,7.5,7.17,1706.88
Colombia,Other,Washed / Wet,82.92,7.83,7.67,7.42,7.5,7.58,1450.0
Mexico,Typica,Natural / Dry,82.92,7.58,7.58,7.25,7.58,7.75,1248.0
Vietnam,Other,Natural / Dry,82.92,7.67,7.33,7.58,8.08,7.42,1040.0
Mexico,Typica,Washed / Wet,82.92,8.0,7.92,7.17,7.67,7.42,1400.0
United States (Hawaii),Hawaiian Kona,Washed / Wet,82.92,7.5,7.5,7.42,7.67,7.83,
Colombia,Unknown,Unknown,82.92,7.5,7.75,7.75,7.08,7.83,1450.0
Thailand,Unknown,Unknown,82.92,7.42,7.58,7.17,7.5,8.0,
Kenya,SL28,Washed / Wet,82.83,7.75,7.58,7.58,7.5,7.5,1754.0
Guatemala,Bourbon,Washed / Wet,82.83,7.5,7.58,7.67,7.58,7.58,1700.0
Brazil,Yellow Bourbon,Pulped natural / honey,82.83,7.67,7.58,7.5,7.5,7.42,905.0
El Salvador,Pacas,Washed / Wet,82.83,7.33,7.67,7.83,7.33,7.67,1250.0
Rwanda,Bourbon,Washed / Wet,82.83,7.83,7.92,7.83,7.75,7.75,1900.0
Vietnam,Other,Other,82.83,7.25,7.58,7.42,7.75,7.42,1040.0
Guatemala,Bourbon,Washed / Wet,82.83,7.58,7.58,7.67,7.67,7.5,1219.2
Brazil,Catuai,Natural / Dry,82.83,7.58,7.83,7.67,7.42,7.33,900.0
Colombia,Other,Washed / Wet,82.83,7.83,7.67,7.58,7.5,7.67,1600.0
United States,Other,Other,82.83,7.42,7.58,7.5,7.75,7.75,1200.0
Guatemala,Bourbon,Washed / Wet,82.83,7.67,7.67,7.67,7.42,7.17,1500.0
Colombia,Typica,Natural / Dry,82.83,7.5,7.42,7.5,7.58,7.58,1800.0
Colombia,Caturra,Washed / Wet,82.83,7.83,7.5,7.42,7.5,7.5,1775.0
"Tanzania, United Republic Of",Arusha,Washed / Wet,82.83,7.67,7.5,7.25,7.58,7.75,1400.0
Mexico,Caturra,Washed / Wet,82.83,7.58,7.67,7.58,7.5,7.5,1550.0
Mexico,Bourbon,Washed / Wet,82.83,7.67,7.58,7.75,7.42,7.42,1250.0
Guatemala,Bourbon,Washed / Wet,82.83,7.67,7.67,7.5,7.33,7.92,1310.64
Mexico,Typica,Washed / Wet,82.83,7.58,7.58,7.42,7.67,7.58,1380.0
El Salvador,Unknown,Unknown,82.83,7.75,7.58,7.75,7.25,7.5,1200.0
Guatemala,Caturra,Washed / Wet,82.75,7.5,7.58,7.67,7.58,7.5,1100.0
Guatemala,Caturra,Washed / Wet,82.75,7.58,7.67,7.58,7.5,7.42,1800.0
Guatemala,Bourbon,Washed / Wet,82.75,7.5,7.67,7.67,7.67,7.58,1700.0
Guatemala,Bourbon,Washed / Wet,82.75,7.5,7.5,7.58,7.67,7.5,1219.2
Guatemala,Bourbon,Washed / Wet,82.75,7.42,7.58,7.67,7.5,7.5,1219.2
Indonesia,Sulawesi,Other,82.75,7.5,7.58,7.58,7.58,7.5,1500.0
Guatemala,Bourbon,Washed / Wet,82.75,7.58,7.58,7.58,7.33,7.67,157.8864
Taiwan,Yellow Bourbon,Natural / Dry,82.75,7.83,7.67,7.67,7.58,7.67,650.0
El Salvador,Bourbon,Washed / Wet,82.75,7.67,7.67,7.33,7.58,7.67,1250.0
Costa Rica,Caturra,Washed / Wet,82.75,7.58,7.5,7.67,7.42,7.5,1850.0
Honduras,Caturra,Natural / Dry,82.75,7.58,7.5,7.58,7.5,7.5,1400.0
Brazil,Yellow Bourbon,Pulped natural / honey,82.75,7.5,7.5,7.5,7.58,7.58,905.0
China,Catimor,Natural / Dry,82.75,7.67,7.5,7.33,7.67,7.67,1100.0
China,Catimor,Washed / Wet,82.75,7.5,7.67,7.67,7.5,7.5,1500.0
Colombia,Caturra,Washed / Wet,82.75,7.5,7.58,7.75,7.33,7.5,1775.0
Malawi,Gesha,Washed / Wet,82.75,7.75,7.58,7.5,7.33,7.5,1442.0
Guatemala,Pacas,Washed / Wet,82.75,7.75,7.42,7.75,7.5,7.67,1524.0
Colombia,Typica,Washed / Wet,82.75,7.67,7.42,7.58,7.33,7.67,165.0
United States (Hawaii),Hawaiian Kona,Natural / Dry,82.75,7.67,7.58,7.83,7.33,7.5,
United States (Hawaii),Hawaiian Kona,Natural / Dry,82.75,7.58,7.83,7.75,7.42,8.0,
Colombia,Caturra,Washed / Wet,82.75,7.58,7.33,7.33,7.25,8.58,1300.0
Mexico,Typica,Washed / Wet,82.75,7.58,7.58,7.5,7.5,7.5,1550.0
Mexico,Typica,Washed / Wet,82.75,7.58,7.58,7.75,7.25,7.58,1200.0
Mexico,Typica,Natural / Dry,82.75,8.08,8.17,8.0,7.83,7.92,1200.0
Colombia,Caturra,Washed / Wet,82.75,7.5,7.58,7.67,7.5,7.58,1625.0
Colombia,Caturra,Washed / Wet,82.75,7.67,7.58,7.58,7.5,7.42,1775.0
United States (Hawaii),Hawaiian Kona,Washed / Wet,82.75,7.25,7.75,7.83,7.67,7.67,
Panama,Catuai,Washed / Wet,82.75,7.42,7.42,7.58,7.5,7.75,1100.0
United States (Hawaii),Unknown,Unknown,82.75,7.75,7.67,7.83,7.17,7.42,
Brazil,Bourbon,Natural / Dry,82.67,7.5,7.58,7.75,7.58,7.5,890.0
Brazil,Bourbon,Natural / Dry,82.67,7.5,7.58,7.67,7.5,7.42,934.0
Laos,Catimor,Washed / Wet,82.67,7.67,7.67,7.42,7.42,7.5,1300.0
El Salvador,Pacas,Washed / Wet,82.67,7.67,7.67,7.67,7.5,7.67,1200.0
Mexico,Unknown,Unknown,82.67,7.5,7.67,7.75,7.42,7.17,1300.0
Colombia,Unknown,Washed / Wet,82.67,7.75,7.5,7.58,7.33,7.75,
Brazil,Yellow Bourbon,Natural / Dry,82.67,7.58,7.5,7.67,7.5,7.5,1.0
Brazil,Catuai,Natural / Dry,82.67,7.33,7.5,7.58,7.67,7.5,
"Tanzania, United Republic Of",Other,Washed / Wet,82.67,7.5,7.5,7.5,7.5,7.58,1700.0
"Tanzania, United Republic Of",Bourbon,Washed / Wet,82.67,7.58,7.5,7.58,7.33,7.58,1550.0
Taiwan,Typica,Washed / Wet,82.67,8.0,7.83,7.42,7.25,7.25,1200.0
Mexico,Typica,Natural / Dry,82.67,7.67,7.58,7.5,7.42,7.5,1296.0
Uganda,SL14,Washed / Wet,82.67,7.67,7.5,7.67,7.5,7.5,1650.0
Taiwan,Typica,Washed / Wet,82.67,7.67,7.5,7.5,7.5,7.5,1240.0
Thailand,Caturra,Washed / Wet,82.67,7.42,7.5,7.67,7.58,7.5,1500.0
Colombia,Caturra,Washed / Wet,82.67,7.75,7.58,7.25,7.58,7.42,1800.0
El Salvador,Other,Washed / Wet,82.67,7.92,8.0,6.75,7.92,7.58,
Guatemala,Caturra,Washed / Wet,82.67,7.67,7.67,7.67,7.5,7.5,1500.0
Thailand,Other,Washed / Wet,82.67,7.83,7.33,7.33,7.58,7.83,
Mexico,Other,Washed / Wet,82.67,7.58,7.58,7.58,7.42,7.5,1100.0
Mexico,Typica,Washed / Wet,82.67,7.5,7.58,7.58,7.42,7.42,950.0
Colombia,Unknown,Unknown,82.67,7.33,7.58,7.42,7.67,7.67,
United States (Hawaii),Unknown,Unknown,82.67,7.83,7.67,7.67,7.5,7.58,
Mexico,Blue Mountain,Unknown,82.67,7.75,7.58,7.75,7.67,7.58,1400.0
Colombia,Unknown,Unknown,82.67,8.08,7.67,7.33,7.33,7.17,1800.0
Colombia,Unknown,Unknown,82.67,7.5,7.42,7.33,7.67,7.83,
Guatemala,Bourbon,Washed / Wet,82.58,7.5,7.42,7.75,7.5,7.5,1219.2
Taiwan,Typica,Pulped natural / honey,82.58,7.67,7.42,7.42,7.58,7.5,1050.0
Brazil,Unknown,Pulped natural / honey,82.58,7.5,7.58,7.5,7.75,7.33,
Taiwan,Unknown,Unknown,82.58,7.25,7.25,7.08,7.0,7.0,200.0
Brazil,Unknown,Unknown,82.58,7.42,7.42,7.33,7.25,7.67,
Indonesia,Typica,Semi-washed / Semi-pulped,82.58,7.83,7.58,7.33,7.42,7.5,1250.0
Thailand,Unknown,Washed / Wet,82.58,7.75,7.33,7.67,7.42,7.5,800.0
Thailand,Caturra,Washed / Wet,82.58,7.42,7.58,7.42,7.58,7.5,1450.0
"Tanzania, United Republic Of",Other,Washed / Wet,82.58,7.75,7.42,7.5,7.58,7.5,1317.0
Uganda,SL14,Natural / Dry,82.58,7.83,7.5,7.58,7.42,7.42,1650.0
Costa Rica,Catuai,Washed / Wet,82.58,7.67,7.42,7.67,7.0,7.75,1300.0
Mexico,Unknown,Washed / Wet,82.58,7.58,7.58,7.75,7.67,7.67,
Guatemala,Unknown,Natural / Dry,82.58,7.5,7.58,7.58,7.42,7.58,
Colombia,Caturra,Washed / Wet,82.58,7.75,7.25,7.42,7.5,7.83,1750.0
Colombia,Caturra,Washed / Wet,82.58,7.75,7.5,7.25,7.33,7.58,1750.0
Colombia,Caturra,Washed / Wet,82.58,7.58,7.5,7.58,7.67,7.42,1750.0
Mexico,Typica,Washed / Wet,82.58,7.5,7.58,7.5,7.42,7.5,1250.0
Mexico,Typica,Washed / Wet,82.58,7.67,7.58,7.75,7.67,6.83,1150.0
Colombia,Caturra,Washed / Wet,82.58,7.33,7.42,7.42,7.67,7.5,1775.0
Brazil,Mundo Novo,Unknown,82.58,7.58,7.5,7.75,7.5,7.5,975.0
Brazil,Bourbon,Natural / Dry,82.5,7.5,7.5,7.5,7.58,7.5,890.0
Indonesia,Other,Washed / Wet,82.5,7.83,7.75,7.5,7.42,7.33,1250.0
Honduras,Caturra,Washed / Wet,82.5,7.58,7.58,7.5,7.5,7.5,1400.0
Guatemala,Bourbon,Washed / Wet,82.5,7.5,7.5,7.5,7.67,7.5,1219.2
Thailand,Unknown,Washed / Wet,82.5,7.5,7.83,7.75,7.33,7.42,800.0
Thailand,Caturra,Washed / Wet,82.5,7.33,7.5,7.5,7.67,7.5,1450.0
"Tanzania, United Republic Of",Other,Washed / Wet,82.5,7.67,7.42,7.58,7.5,7.5,1600.0
"Tanzania, United Republic Of",Other,Washed / Wet,82.5,7.75,7.0,7.58,7.58,7.58,
Mexico,Other,Washed / Wet,82.5,7.42,7.58,7.67,7.25,7.5,1600.0
Brazil,Yellow Bourbon,Semi-washed / Semi-pulped,82.5,7.42,7.5,7.33,7.42,7.67,1260.0
Guatemala,Bourbon,Washed / Wet,82.5,7.83,7.42,7.67,7.42,7.5,1310.64
Colombia,Caturra,Washed / Wet,82.5,7.5,7.5,7.42,7.58,7.58,1750.0
Guatemala,Bourbon,Washed / Wet,82.5,7.83,7.67,7.33,7.5,7.67,1310.64
Mexico,Typica,Washed / Wet,82.5,7.5,7.58,7.5,7.42,7.42,1679.0
Mexico,Typica,Washed / Wet,82.5,7.67,7.5,7.67,7.5,7.33,1100.0
Mexico,Typica,Semi-washed / Semi-pulped,82.5,7.92,7.5,7.58,7.25,7.42,1650.0
Guatemala,Caturra,Natural / Dry,82.5,7.67,7.33,7.33,7.5,7.83,
Brazil,Bourbon,Semi-washed / Semi-pulped,82.5,7.67,7.42,7.67,7.5,7.5,1250.0
Colombia,Caturra,Washed / Wet,82.5,7.67,7.5,7.5,7.25,7.67,1775.0
United States (Hawaii),Hawaiian Kona,Washed / Wet,82.5,7.33,7.42,7.75,7.42,7.67,
Guatemala,Unknown,Unknown,82.5,7.75,7.58,7.67,7.58,7.58,1600.0
Honduras,Other,Washed / Wet,82.42,7.42,7.67,7.58,7.58,7.5,1500.0
Guatemala,Bourbon,Washed / Wet,82.42,7.58,7.5,7.75,7.33,7.5,1700.0
Guatemala,Bourbon,Washed / Wet,82.42,7.67,7.58,7.67,7.42,7.33,1700.0
Guatemala,Bourbon,Washed / Wet,82.42,7.58,7.5,7.67,7.5,7.5,157.8864
Guatemala,Caturra,Washed / Wet,82.42,7.5,7.42,7.75,7.67,7.5,
Colombia,Caturra,Washed / Wet,82.42,5.08,7.75,7.75,7.83,8.08,1600.0
China,Catimor,Washed / Wet,82.42,7.67,7.42,7.5,7.42,7.42,1600.0
Brazil,Unknown,Unknown,82.42,7.42,7.5,7.5,7.25,7.42,
"Tanzania, United Republic Of",Ruiru 11,Washed / Wet,82.42,7.67,7.25,7.42,7.67,7.42,2285.0
Brazil,Yellow Bourbon,Natural / Dry,82.42,7.17,7.83,7.5,7.75,7.42,1.0
Guatemala,Caturra,Washed / Wet,82.42,7.5,7.5,7.67,7.42,7.5,1400.0
Mexico,Typica,Washed / Wet,82.42,7.42,7.5,7.58,7.42,7.5,1296.0
Brazil,Catuai,Semi-washed / Semi-pulped,82.42,7.58,7.67,7.5,7.5,7.42,1000.0
Peru,Unknown,Washed / Wet,82.42,7.58,7.58,7.75,7.5,7.58,
Brazil,Yellow Bourbon,Natural / Dry,82.42,7.25,7.33,7.5,7.42,7.5,1260.0
Mexico,Bourbon,Washed / Wet,82.42,7.5,7.58,7.92,7.42,7.67,1170.0
Honduras,Unknown,Washed / Wet,82.42,7.25,7.67,7.17,7.75,7.5,
Colombia,Caturra,Washed / Wet,82.42,7.67,7.42,7.5,7.58,7.5,1775.0
Mexico,Typica,Washed / Wet,82.42,7.5,7.42,7.67,7.42,7.58,1560.0
Mexico,Typica,Semi-washed / Semi-pulped,82.42,7.42,7.58,7.42,7.58,7.5,1400.0
Mexico,Typica,Washed / Wet,82.42,7.42,7.58,7.58,7.5,7.5,1300.0
Mexico,Caturra,Washed / Wet,82.42,7.75,7.33,7.58,7.58,7.33,1170.0
Mexico,Typica,Washed / Wet,82.42,7.5,7.58,7.5,7.5,7.5,1300.0
Mexico,Pacamara,Washed / Wet,82.42,7.58,7.58,7.5,7.5,7.5,1350.0
Mexico,Caturra,Washed / Wet,82.42,7.58,7.33,7.58,7.5,7.5,1150.0
Mexico,Bourbon,Washed / Wet,82.42,7.67,7.58,7.42,7.58,7.33,1250.0
Mexico,Typica,Washed / Wet,82.42,7.83,7.5,7.67,7.17,7.33,1450.0
Colombia,Caturra,Natural / Dry,82.42,7.67,7.33,7.42,7.5,7.67,442.0
Brazil,Arusha,Natural / Dry,82.42,7.75,7.5,7.42,7.5,7.42,
Colombia,Caturra,Washed / Wet,82.42,7.33,7.58,7.58,7.42,7.58,1750.0
Colombia,Unknown,Unknown,82.42,7.58,7.25,7.25,7.58,7.83,1750.0
Honduras,Caturra,Washed / Wet,82.33,7.5,7.58,7.5,7.42,7.42,1396.0
Brazil,Catuai,Natural / Dry,82.33,7.33,7.5,7.33,7.5,7.5,982.0
Brazil,Unknown,Natural / Dry,82.33,7.42,7.42,7.5,7.5,7.58,
Brazil,Bourbon,Natural / Dry,82.33,7.5,7.5,7.5,7.42,7.5,934.0
Costa Rica,Caturra,Washed / Wet,82.33,7.75,7.5,7.25,7.42,7.67,1850.0
Costa Rica,Catuai,Washed / Wet,82.33,7.75,7.33,7.5,7.33,7.58,1550.0
China,Catimor,Pulped natural / honey,82.33,7.5,7.58,7.5,7.42,7.42,1580.0
Brazil,Bourbon,Natural / Dry,82.33,8.25,7.83,8.33,8.17,8.08,1268.0
Brazil,Mundo Novo,Natural / Dry,82.33,7.42,7.5,7.42,7.5,7.58,
Guatemala,Bourbon,Washed / Wet,82.33,7.5,7.42,7.83,7.5,7.5,1676.4
Malawi,Gesha,Washed / Wet,82.33,7.33,7.58,7.58,7.33,7.5,1450.0
Brazil,Bourbon,Natural / Dry,82.33,7.75,8.08,8.08,8.08,8.0,1100.0
Guatemala,Pacas,Washed / Wet,82.33,7.58,7.67,7.58,7.75,7.5,1524.0
Mexico,Unknown,Washed / Wet,82.33,7.33,7.58,7.5,7.5,7.5,
Colombia,Caturra,Washed / Wet,82.33,7.42,7.33,7.17,7.08,8.33,1300.0
Taiwan,Typica,Semi-washed / Semi-pulped,82.33,7.5,7.5,7.5,7.5,7.5,200.0
Taiwan,Typica,Washed / Wet,82.33,7.5,7.5,7.5,7.5,7.5,600.0
Guatemala,Bourbon,Washed / Wet,82.33,7.5,7.42,7.5,7.5,7.58,1310.64
Colombia,Caturra,Washed / Wet,82.33,7.5,7.42,7.5,7.5,7.58,1750.0
Mexico,Typica,Washed / Wet,82.33,7.67,7.5,7.5,7.42,7.42,1300.0
Costa Rica,Unknown,Washed / Wet,82.33,7.92,7.58,7.75,7.92,7.58,
Guatemala,Bourbon,Washed / Wet,82.33,7.67,7.5,7.67,7.5,7.33,1752.6
Mexico,Typica,Natural / Dry,82.33,7.58,7.67,7.33,7.0,7.58,441.0
Mexico,Bourbon,Washed / Wet,82.33,7.67,7.58,7.58,7.5,7.5,1170.0
Guatemala,Bourbon,Washed / Wet,82.33,7.5,7.67,7.5,7.33,7.5,1310.64
Brazil,Mundo Novo,Natural / Dry,82.33,7.58,7.5,7.5,7.5,7.42,1100.0
Mexico,Typica,Washed / Wet,82.33,8.0,7.75,7.33,7.08,7.67,1300.0
Brazil,Mundo Novo,Washed / Wet,82.33,7.58,7.58,7.58,7.42,7.5,950.0
Colombia,Caturra,Natural / Dry,82.33,7.83,7.58,7.25,7.58,7.42,442.0
Brazil,Catuai,Washed / Wet,82.25,7.58,7.5,7.42,7.67,7.33,1100.0
Taiwan,Unknown,Unknown,82.25,7.0,7.08,7.17,7.0,7.0,
Guatemala,Pacas,Washed / Wet,82.25,7.67,7.5,7.67,7.42,7.42,1450.0
Brazil,Yellow Bourbon,Natural / Dry,82.25,7.42,7.67,7.08,7.5,7.42,1.0
El Salvador,Bourbon,Washed / Wet,82.25,7.58,7.67,7.67,7.83,8.42,1500.0
Honduras,Catuai,Washed / Wet,82.25,7.58,7.5,7.58,7.42,7.42,1350.0
Malawi,Gesha,Washed / Wet,82.25,7.58,7.42,7.42,7.58,7.5,1180.0
Brazil,Bourbon,Natural / Dry,82.25,7.75,7.58,7.42,7.33,7.33,1100.0
Taiwan,Typica,Washed / Wet,82.25,7.5,7.5,7.5,7.5,7.5,650.0
Mexico,Mundo Novo,Washed / Wet,82.25,7.58,7.58,7.42,7.42,7.42,1338.0
United States (Hawaii),Hawaiian Kona,Natural / Dry,82.25,7.33,7.42,7.67,7.5,7.42,
Mexico,Bourbon,Washed / Wet,82.25,7.58,7.58,7.17,7.42,7.42,533.0
Guatemala,Bourbon,Washed / Wet,82.25,7.5,7.5,7.58,7.67,7.33,1390.8024
Mexico,Bourbon,Washed / Wet,82.25,7.5,7.58,7.67,7.33,7.42,1170.0
Mexico,Typica,Washed / Wet,82.25,7.67,7.58,7.5,7.42,7.42,1250.0
El Salvador,Other,Washed / Wet,82.25,7.75,7.33,7.5,7.5,7.5,
Mexico,Typica,Washed / Wet,82.25,7.33,7.58,7.67,7.33,7.5,1100.0
Mexico,Typica,Washed / Wet,82.25,7.42,7.5,7.58,7.42,7.5,900.0
Colombia,Caturra,Washed / Wet,82.25,7.5,7.42,7.33,7.58,7.33,1750.0
Colombia,Caturra,Washed / Wet,82.25,7.67,7.33,7.33,7.5,7.5,1775.0
Brazil,Arusha,Natural / Dry,82.25,7.67,7.58,7.0,7.5,7.58,
Colombia,Unknown,Unknown,82.25,7.17,7.25,7.25,7.58,7.67,
Brazil,Bourbon,Natural / Dry,82.17,7.42,7.42,7.42,7.42,7.5,934.0
Honduras,Caturra,Washed / Wet,82.17,7.5,7.5,7.42,7.5,7.5,1500.0
Nicaragua,Unknown,Unknown,82.17,7.5,7.5,7.42,7.5,7.42,1000.0
"Tanzania, United Republic Of",Bourbon,Washed / Wet,82.17,7.58,7.42,7.33,7.5,7.42,1650.0
"Tanzania, United Republic Of",Other,Washed / Wet,82.17,7.42,7.42,7.5,7.5,7.33,1600.0
Brazil,Yellow Bourbon,Natural / Dry,82.17,6.92,7.58,7.33,7.83,7.5,1.0
Thailand,Unknown,Washed / Wet,82.17,7.42,7.42,7.75,7.25,7.67,800.0
Honduras,Catuai,Washed / Wet,82.17,7.67,7.5,7.42,7.58,7.42,1350.0
Guatemala,Bourbon,Washed / Wet,82.17,7.42,7.42,7.5,7.42,7.5,1500.0
Brazil,Mundo Novo,Natural / Dry,82.17,7.58,7.5,7.25,7.5,7.42,
"Tanzania, United Republic Of",Other,Washed / Wet,82.17,7.75,7.42,7.58,7.33,7.42,1700.0
Mexico,Other,Washed / Wet,82.17,7.42,7.33,7.42,7.33,8.17,1100.0
Mexico,Other,Washed / Wet,82.17,7.5,7.5,7.42,7.5,7.42,1400.0
Taiwan,Typica,Other,82.17,7.5,7.5,7.5,7.5,7.5,1200.0
Taiwan,Typica,Washed / Wet,82.17,7.67,7.5,7.17,7.17,7.58,800.0
Colombia,Caturra,Washed / Wet,82.17,7.33,7.25,7.58,7.75,7.5,1750.0
Mexico,Typica,Washed / Wet,82.17,7.5,7.67,7.5,7.33,7.5,1144.0
Guatemala,Caturra,Washed / Wet,82.17,7.25,7.75,7.75,8.17,7.75,1350.0
Mexico,Typica,Washed / Wet,82.17,7.5,7.58,7.5,7.5,7.33,1000.0
Mexico,Typica,Washed / Wet,82.17,7.0,7.67,7.5,7.42,7.5,1200.0
Colombia,Unknown,Unknown,82.17,7.58,7.67,7.17,7.17,7.75,1800.0
Indonesia,Bourbon,Washed / Wet,82.08,7.5,7.5,7.42,7.5,7.42,1300.0
Colombia,Caturra,Washed / Wet,82.08,7.75,7.58,7.67,7.83,7.58,
Brazil,Bourbon,Natural / Dry,82.08,7.42,7.58,7.5,7.42,7.25,894.0
Brazil,Yellow Bourbon,Natural / Dry,82.08,7.25,7.25,7.58,7.25,7.92,1.0
Costa Rica,Caturra,Washed / Wet,82.08,7.75,7.42,7.25,7.17,7.42,1300.0
"Tanzania, United Republic Of",Bourbon,Washed / Wet,82.08,7.42,7.33,7.42,7.5,7.58,1500.0
"Tanzania, United Republic Of",Other,Washed / Wet,82.08,7.42,7.5,7.33,7.33,7.5,1600.0
Colombia,Unknown,Washed / Wet,82.08,7.5,7.42,7.42,7.67,7.42,
Costa Rica,Caturra,Washed / Wet,82.08,7.58,7.33,7.33,7.5,7.67,13.0
United States (Hawaii),Hawaiian Kona,Natural / Dry,82.08,7.25,7.58,7.25,7.5,7.42,
Mexico,Typica,Washed / Wet,82.08,7.42,7.58,7.33,7.42,7.42,1300.0
Mexico,Typica,Washed / Wet,82.08,7.5,7.42,7.5,7.25,7.5,1800.0
Mexico,Typica,Washed / Wet,82.08,7.67,7.5,7.58,7.42,7.33,1250.0
Vietnam,Other,Natural / Dry,82.08,7.67,8.0,7.08,7.67,7.08,1040.0
Mexico,Typica,Washed / Wet,82.08,7.58,7.42,7.75,7.33,7.42,1250.0
United States (Hawaii),Hawaiian Kona,Washed / Wet,82.08,7.33,7.5,7.58,7.08,7.83,
Colombia,Unknown,Unknown,82.08,7.67,7.42,7.33,7.25,7.58,1600.0
Honduras,Caturra,Washed / Wet,82.0,7.5,7.5,7.5,7.5,7.42,1600.0
Honduras,Caturra,Natural / Dry,82.0,7.5,7.5,7.33,7.42,7.5,1600.0
Brazil,Bourbon,Natural / Dry,82.0,7.5,7.33,7.5,7.33,7.42,944.0
"Tanzania, United Republic Of",Other,Washed / Wet,82.0,7.67,7.33,7.42,7.42,7.42,1650.0
Laos,Other,Washed / Wet,82.0,7.42,7.5,7.33,7.5,7.5,1250.0
"Tanzania, United Republic Of",Other,Washed / Wet,82.0,7.42,7.42,7.58,7.33,7.42,1350.0
Malawi,Gesha,Washed / Wet,82.0,7.5,7.42,7.58,7.33,7.5,2500.0
Taiwan,Typica,Washed / Wet,82.0,7.33,7.5,7.42,7.5,7.33,600.0
Thailand,Unknown,Washed / Wet,82.0,7.58,7.5,7.42,7.33,7.42,800.0
Costa Rica,Catuai,Washed / Wet,82.0,7.5,7.25,7.33,7.75,7.5,1300.0
Honduras,Caturra,Washed / Wet,82.0,7.33,7.33,7.5,7.5,7.83,1400.0
Colombia,Caturra,Washed / Wet,82.0,7.33,7.33,7.5,7.5,7.58,1900.0
Taiwan,Typica,Washed / Wet,82.0,7.42,7.58,7.42,8.0,7.5,650.0
Brazil,Mundo Novo,Natural / Dry,82.0,7.33,7.67,7.17,7.33,7.42,1038.5
Mexico,Typica,Washed / Wet,82.0,7.67,7.33,7.5,7.42,7.42,940.0
Brazil,Mundo Novo,Natural / Dry,82.0,7.42,7.5,7.5,7.33,7.5,1000.0
Brazil,Catuai,Semi-washed / Semi-pulped,82.0,7.42,7.5,7.5,7.5,7.42,1050.0
Guatemala,Bourbon,Natural / Dry,82.0,7.33,7.33,7.5,7.67,7.67,
Brazil,Mundo Novo,Semi-washed / Semi-pulped,82.0,7.58,7.5,7.5,7.5,7.42,950.0
Guatemala,Bourbon,Washed / Wet,82.0,7.75,7.33,7.42,7.75,7.67,1402.08
Colombia,Caturra,Unknown,82.0,7.33,7.0,7.42,7.5,7.67,1775.0
Guatemala,Bourbon,Washed / Wet,81.92,7.58,7.5,7.58,7.58,7.5,1901.0
Guatemala,Bourbon,Washed / Wet,81.92,7.5,7.5,7.42,7.42,7.42,1219.2
Honduras,Caturra,Washed / Wet,81.92,7.58,7.5,7.33,7.42,7.5,1400.0
Brazil,Catuai,Natural / Dry,81.92,7.42,7.33,7.5,7.5,7.33,1020.0
El Salvador,Bourbon,Washed / Wet,81.92,7.67,7.58,7.5,7.5,7.67,1250.0
Guatemala,Catuai,Washed / Wet,81.92,7.58,7.58,7.83,7.17,7.33,1550.0
"Tanzania, United Republic Of",Other,Washed / Wet,81.92,7.33,7.33,7.42,7.5,7.58,1877.0
Nicaragua,Unknown,Washed / Wet,81.92,7.58,7.42,7.17,7.5,7.67,
Zambia,SL28,Washed / Wet,81.92,7.67,7.08,7.33,7.75,7.42,1250.0
Honduras,Unknown,Washed / Wet,81.92,7.42,7.33,7.58,7.33,7.5,
Taiwan,Typica,Other,81.92,7.5,7.5,7.25,7.5,7.5,1000.0
Mexico,Bourbon,Washed / Wet,81.92,7.58,7.5,7.58,7.5,7.25,1300.0
Mexico,Typica,Semi-washed / Semi-pulped,81.92,7.5,7.5,7.25,7.5,7.5,981.0
Mexico,Mundo Novo,Washed / Wet,81.92,7.5,7.42,7.5,7.33,7.33,690.0
Mexico,Other,Washed / Wet,81.92,7.33,7.58,7.58,7.42,7.33,1650.0
Mexico,Bourbon,Washed / Wet,81.92,7.67,7.42,7.83,7.5,7.5,1000.0
Brazil,Mundo Novo,Natural / Dry,81.92,7.42,7.58,7.5,7.33,7.5,1100.0
Colombia,Unknown,Unknown,81.92,7.67,7.33,7.58,7.33,7.33,1600.0
Guatemala,Bourbon,Washed / Wet,81.83,7.42,7.5,7.5,7.33,7.42,157.8864
Costa Rica,Catuai,Pulped natural / honey,81.83,7.25,7.33,7.33,7.67,7.42,1900.0
Brazil,Mundo Novo,Natural / Dry,81.83,7.42,7.5,7.5,7.42,7.25,973.0
Indonesia,Other,Other,81.83,7.75,7.83,7.75,7.92,7.83,1250.0
Guatemala,Bourbon,Washed / Wet,81.83,7.58,7.5,7.42,7.58,7.25,
Brazil,Yellow Bourbon,Natural / Dry,81.83,7.17,7.58,7.5,7.75,7.25,1.0
Brazil,Yellow Bourbon,Natural / Dry,81.83,7.58,7.0,6.92,7.67,7.5,1.0
Myanmar,Catuai,Washed / Wet,81.83,7.33,7.58,7.42,7.33,7.33,
Mexico,Catuai,Washed / Wet,81.83,7.58,7.5,7.5,7.17,7.33,1425.0
Honduras,Catuai,Washed / Wet,81.83,7.5,7.5,7.5,7.42,7.25,1400.0
Costa Rica,Caturra,Washed / Wet,81.83,7.67,7.5,7.25,7.08,7.42,1300.0
Taiwan,Typica,Washed / Wet,81.83,7.67,7.33,7.25,7.75,7.33,700.0
Indonesia,Typica,Other,81.83,7.42,7.42,7.33,7.42,7.42,1300.0
Malawi,Gesha,Washed / Wet,81.83,7.58,7.42,7.33,7.33,7.42,1556.0
Brazil,Bourbon,Natural / Dry,81.83,7.33,7.58,7.17,7.83,7.33,1100.0
Honduras,Caturra,Natural / Dry,81.83,7.5,7.5,7.33,7.33,7.33,1350.0
Mexico,Typica,Washed / Wet,81.83,7.42,7.42,7.5,7.33,7.42,1550.0
Colombia,Caturra,Washed / Wet,81.83,7.5,7.5,7.42,7.5,7.58,1775.0
United States (Hawaii),Hawaiian Kona,Natural / Dry,81.83,7.83,7.83,8.0,7.83,7.83,
Brazil,Bourbon,Semi-washed / Semi-pulped,81.83,7.75,7.75,7.42,7.83,7.75,1250.0
Guatemala,Bourbon,Washed / Wet,81.83,7.83,7.67,7.33,7.67,7.83,1310.64
Mexico,Bourbon,Washed / Wet,81.83,7.83,7.33,7.58,7.25,7.33,1500.0
Mexico,Typica,Semi-washed / Semi-pulped,81.83,7.33,7.33,7.5,7.5,7.5,1250.0
Brazil,Mundo Novo,Unknown,81.83,7.33,7.67,7.5,7.5,7.25,925.0
Colombia,Unknown,Unknown,81.83,7.58,7.5,7.58,7.33,7.33,1700.0
United States (Hawaii),Unknown,Unknown,81.83,7.25,7.58,7.67,7.75,7.75,
Guatemala,Bourbon,Washed / Wet,81.75,7.5,7.5,7.42,7.42,7.33,1700.0
Vietnam,Caturra,Washed / Wet,81.75,7.0,7.08,7.5,7.5,7.33,1040.0
"Tanzania, United Republic Of",Other,Washed / Wet,81.75,7.42,7.42,7.42,7.33,7.33,1600.0
Brazil,Unknown,Natural / Dry,81.75,7.17,7.25,7.25,7.42,8.25,
Mexico,Bourbon,Washed / Wet,81.75,7.5,7.5,7.42,7.25,7.25,774.0
Mexico,Mundo Novo,Washed / Wet,81.75,7.42,7.5,7.67,7.33,7.42,1250.0
Mexico,Typica,Washed / Wet,81.75,7.42,7.5,7.58,7.33,7.33,1100.0
Mexico,Caturra,Washed / Wet,81.75,7.33,7.42,7.67,7.42,7.25,1550.0
Mexico,Typica,Washed / Wet,81.75,7.5,7.42,7.33,7.67,7.25,1650.0
Colombia,Caturra,Washed / Wet,81.75,7.33,7.42,7.33,7.5,7.67,1750.0
Colombia,Unknown,Unknown,81.75,7.42,7.58,7.08,7.25,8.0,1775.0
Brazil,Bourbon,Natural / Dry,81.67,7.42,7.5,7.5,7.5,7.25,890.0
Guatemala,Bourbon,Washed / Wet,81.67,7.42,7.42,7.42,7.33,7.42,1700.0
Guatemala,Bourbon,Washed / Wet,81.67,7.42,7.33,7.67,7.33,7.42,1219.2
Honduras,Catuai,Washed / Wet,81.67,7.58,7.5,7.33,7.42,7.25,1450.0
"Tanzania, United Republic Of",Unknown,Unknown,81.67,7.17,7.33,7.42,7.5,7.33,1800.0
Nicaragua,Unknown,Unknown,81.67,7.58,7.5,7.25,7.5,7.25,
Colombia,Unknown,Unknown,81.67,7.75,7.75,7.67,5.25,7.83,
Brazil,Yellow Bourbon,Natural / Dry,81.67,7.25,7.75,7.42,7.5,7.58,1.0
"Tanzania, United Republic Of",Other,Washed / Wet,81.67,7.42,7.33,7.42,7.5,7.42,1500.0
"Tanzania, United Republic Of",Other,Washed / Wet,81.67,7.33,7.33,7.25,7.42,7.33,1700.0
Brazil,Bourbon,Washed / Wet,81.67,7.25,7.42,7.5,7.5,7.42,1260.0
Indonesia,Sumatra,Semi-washed / Semi-pulped,81.67,7.17,7.42,7.42,7.33,7.42,
Honduras,Caturra,Natural / Dry,81.67,7.5,7.33,7.5,7.17,7.17,1400.0
Costa Rica,Caturra,Washed / Wet,81.67,7.5,7.17,7.17,7.5,7.08,1850.0
Mexico,Unknown,Washed / Wet,81.67,7.42,7.42,8.0,7.58,7.5,
Taiwan,Typica,Semi-washed / Semi-pulped,81.67,7.5,7.5,7.25,7.42,7.25,150.0
Taiwan,Typica,Washed / Wet,81.67,7.58,7.42,7.42,7.33,7.33,750.0
Mexico,Typica,Washed / Wet,81.67,7.5,7.42,7.58,7.33,7.33,1400.0
Guatemala,Bourbon,Washed / Wet,81.67,7.5,7.67,7.33,7.33,7.33,1752.6
Mexico,Typica,Washed / Wet,81.67,7.25,7.67,7.67,7.67,7.58,1650.0
Mexico,Bourbon,Washed / Wet,81.67,7.67,7.25,7.75,7.5,7.25,1400.0
Mexico,Bourbon,Washed / Wet,81.67,7.5,7.42,7.42,7.42,7.42,1200.0
Mexico,Bourbon,Washed / Wet,81.67,7.58,7.42,7.58,7.25,7.17,1400.0
Mexico,Caturra,Semi-washed / Semi-pulped,81.67,7.75,7.58,7.17,7.58,7.33,940.0
United States (Hawaii),Hawaiian Kona,Washed / Wet,81.67,7.42,7.33,7.33,7.17,7.83,
Honduras,Catimor,Washed / Wet,81.58,7.5,7.42,7.42,7.5,7.33,1200.0
Guatemala,Bourbon,Washed / Wet,81.58,7.42,7.42,7.5,7.42,7.33,
Taiwan,Typica,Washed / Wet,81.58,7.42,7.42,7.67,7.33,7.25,800.0
Costa Rica,Caturra,Washed / Wet,81.58,7.58,7.42,7.17,7.08,7.58,13.0
"Tanzania, United Republic Of",Other,Washed / Wet,81.58,7.42,7.42,7.42,7.42,7.33,1800.0
Malawi,Gesha,Washed / Wet,81.58,7.42,7.42,7.58,7.33,7.33,1100.0
Taiwan,Typica,Semi-washed / Semi-pulped,81.58,7.33,7.17,7.08,8.33,8.25,850.0
Brazil,Yellow Bourbon,Washed / Wet,81.58,7.42,7.42,7.33,7.5,7.25,1260.0
Guatemala,Bourbon,Washed / Wet,81.58,7.42,7.33,7.58,7.42,7.5,1310.64
Mexico,Typica,Washed / Wet,81.58,7.67,7.5,7.5,6.75,7.42,1400.0
Mexico,Marigojipe,Natural / Dry,81.58,7.33,7.5,7.5,7.5,7.17,1600.0
Mexico,Typica,Natural / Dry,81.58,7.67,7.58,7.58,7.58,7.42,1650.0
Thailand,Unknown,Unknown,81.58,7.08,7.33,7.58,7.17,7.5,1499.9208
Thailand,Unknown,Unknown,81.58,7.33,7.33,7.5,7.58,7.33,
Costa Rica,Unknown,Unknown,81.58,7.25,7.17,7.33,7.5,7.75,1600.2
Guatemala,Bourbon,Washed / Wet,81.5,7.67,7.58,7.42,7.33,7.42,1219.2
Nicaragua,Caturra,Other,81.5,7.5,7.42,7.33,7.25,7.33,1100.0
Honduras,Caturra,Washed / Wet,81.5,7.5,7.5,7.42,7.17,7.25,1400.0
Guatemala,Bourbon,Unknown,81.5,7.5,7.42,7.25,7.5,7.25,
Taiwan,Typica,Natural / Dry,81.5,7.5,7.42,7.08,7.58,7.25,180.0
Myanmar,Catuai,Washed / Wet,81.5,7.25,7.42,7.5,7.33,7.33,1219.2
Costa Rica,Caturra,Washed / Wet,81.5,7.83,7.33,7.08,7.33,7.5,1200.0
Malawi,Gesha,Washed / Wet,81.5,7.67,7.42,7.5,7.5,7.17,1599.0
Guatemala,Other,Washed / Wet,81.5,7.5,7.42,7.58,7.25,7.42,1219.2
Taiwan,Typica,Washed / Wet,81.5,7.42,7.33,7.33,7.42,7.5,900.0
Brazil,Yellow Bourbon,Semi-washed / Semi-pulped,81.5,7.58,7.5,7.67,7.67,7.83,1200.0
Haiti,Blue Mountain,Washed / Wet,81.5,7.42,7.33,7.42,7.42,7.33,825.0
Taiwan,Typica,Other,81.5,7.5,7.42,7.25,7.33,7.33,600.0
Mexico,Typica,Washed / Wet,81.5,7.33,7.33,7.42,7.5,7.5,1150.0
Mexico,Typica,Washed / Wet,81.5,7.58,7.42,7.42,7.33,7.33,1600.0
Mexico,Catuai,Washed / Wet,81.5,7.42,7.25,7.42,7.17,8.0,1100.0
Mexico,Typica,Semi-washed / Semi-pulped,81.5,7.33,7.5,7.33,7.33,7.42,1000.0
Mexico,Bourbon,Washed / Wet,81.5,7.42,7.42,7.17,7.25,7.42,1250.0
Mexico,Typica,Natural / Dry,81.5,7.5,7.5,7.5,7.42,7.58,1100.0
Indonesia,Other,Washed / Wet,81.5,7.75,7.17,7.33,7.58,7.33,1400.0
Brazil,Bourbon,Semi-washed / Semi-pulped,81.5,7.5,7.42,7.42,7.5,7.33,125.0
Guatemala,Bourbon,Washed / Wet,81.5,7.33,7.5,7.42,7.17,7.33,
Colombia,Unknown,Unknown,81.5,7.42,7.42,7.42,7.42,7.33,1450.0
United States (Hawaii),Unknown,Unknown,81.5,7.33,7.33,7.5,7.5,7.83,
Mexico,Mundo Novo,Washed / Wet,81.42,7.58,7.33,7.33,7.5,7.33,1100.0
Guatemala,Catuai,Washed / Wet,81.42,7.42,7.33,7.58,7.33,7.25,1371.6
Brazil,Catuai,Natural / Dry,81.42,7.33,7.5,7.33,6.83,7.42,1100.0
Honduras,Catuai,Washed / Wet,81.42,7.5,7.33,7.25,7.5,7.42,1400.0
Taiwan,Typica,Washed / Wet,81.42,7.83,7.75,7.17,7.08,7.08,110.0
Malawi,Gesha,Washed / Wet,81.42,7.58,7.17,7.42,7.08,7.42,1422.0
Brazil,Bourbon,Natural / Dry,81.42,7.25,7.5,7.17,7.33,7.33,1100.0
Guatemala,Bourbon,Washed / Wet,81.42,7.42,7.5,7.42,7.42,7.42,1550.0
Mexico,Typica,Washed / Wet,81.42,7.67,7.33,7.17,7.25,7.42,1550.0
Peru,Unknown,Washed / Wet,81.42,7.42,7.42,7.33,7.42,7.42,
Guatemala,Bourbon,Washed / Wet,81.42,7.42,7.33,7.42,7.42,7.5,1310.64
Mexico,Caturra,Washed / Wet,81.42,7.42,7.33,7.17,7.25,7.42,763.0
Mexico,Typica,Washed / Wet,81.42,7.42,7.42,7.25,7.5,7.33,1100.0
Colombia,Caturra,Natural / Dry,81.42,7.5,7.42,7.17,7.17,7.75,1750.0
Colombia,Unknown,Unknown,81.42,7.75,7.33,7.0,7.33,7.25,1880.0
United States (Hawaii),Peaberry,Unknown,81.42,7.83,7.0,7.58,7.58,7.5,
Colombia,Caturra,Washed / Wet,81.33,7.5,7.33,7.17,7.33,7.42,
Honduras,Caturra,Washed / Wet,81.33,7.5,7.5,7.17,7.5,7.33,1500.0
Mexico,Unknown,Unknown,81.33,7.67,7.42,7.42,7.58,7.08,1130.0
Brazil,Catuai,Natural / Dry,81.33,7.25,7.33,7.33,7.33,7.42,1100.0
Honduras,Catuai,Washed / Wet,81.33,7.58,7.42,7.42,7.17,7.17,1350.0
Brazil,Yellow Bourbon,Other,81.33,7.17,7.33,7.25,7.42,7.33,1200.0
Philippines,Other,Washed / Wet,81.33,7.08,7.33,7.33,7.33,7.5,1400.0
Malawi,Gesha,Washed / Wet,81.33,7.75,7.33,7.33,7.33,7.25,1200.0
Honduras,Catuai,Washed / Wet,81.33,7.33,7.33,7.33,7.5,7.33,1450.0
Mexico,Typica,Washed / Wet,81.33,7.58,7.42,7.33,7.25,7.25,1800.0
Mexico,Typica,Washed / Wet,81.33,7.33,7.25,7.42,7.58,7.33,1000.0
Brazil,Catuai,Natural / Dry,81.33,7.5,7.58,7.5,7.75,7.83,1100.0
Taiwan,Typica,Natural / Dry,81.25,7.83,7.75,7.83,7.83,7.75,680.0
Brazil,Yellow Bourbon,Natural / Dry,81.25,7.17,7.42,7.08,6.92,8.17,1.0
Nicaragua,Catuai,Washed / Wet,81.25,7.08,7.5,7.17,7.42,7.25,1100.0
Honduras,Catuai,Washed / Wet,81.25,7.42,7.17,7.5,7.33,7.25,1400.0
Guatemala,Pacamara,Washed / Wet,81.25,7.33,7.42,7.25,7.42,7.33,1700.0
"Tanzania, United Republic Of",Other,Washed / Wet,81.25,7.33,7.17,7.5,7.25,7.42,1700.0
Taiwan,Typica,Semi-washed / Semi-pulped,81.25,7.5,7.5,7.25,7.25,7.25,650.0
Guatemala,Caturra,Washed / Wet,81.25,7.5,7.33,7.58,7.0,7.25,1524.0
Mexico,Typica,Washed / Wet,81.25,7.42,7.42,7.33,7.5,7.42,1500.0
Nicaragua,Unknown,Washed / Wet,81.17,7.33,7.5,7.17,7.58,7.17,1200.0
"Tanzania, United Republic Of",Bourbon,Washed / Wet,81.17,7.67,7.17,7.33,7.5,7.17,1050.0
Mexico,Caturra,Washed / Wet,81.17,7.75,7.58,7.25,7.08,7.25,1200.0
Costa Rica,Caturra,Washed / Wet,81.17,7.5,7.5,7.17,7.08,7.17,1300.0
Honduras,Catuai,Natural / Dry,81.17,7.42,7.33,7.42,7.33,7.33,1450.0
Thailand,Caturra,Washed / Wet,81.17,6.83,7.42,7.17,7.5,7.42,1450.0
Philippines,Typica,Natural / Dry,81.17,7.25,7.25,7.08,7.58,7.5,1200.0
"Tanzania, United Republic Of",Bourbon,Washed / Wet,81.17,7.58,7.17,7.33,7.33,7.25,1550.0
Malawi,Caturra,Washed / Wet,81.17,7.58,7.25,7.08,7.33,7.33,995.0
Costa Rica,Catuai,Washed / Wet,81.17,7.33,7.08,7.25,7.33,7.58,1300.0
Brazil,Catuai,Natural / Dry,81.17,7.42,7.42,7.42,7.33,7.25,
Mexico,Typica,Natural / Dry,81.17,7.42,7.25,7.75,7.42,7.17,1800.0
Guatemala,Caturra,Washed / Wet,81.17,7.42,7.25,7.25,7.25,7.42,1450.0
Brazil,Mundo Novo,Natural / Dry,81.17,7.42,7.33,7.42,7.5,7.17,1000.0
United States (Hawaii),Unknown,Unknown,81.17,7.25,7.75,7.67,7.42,7.67,
Ethiopia,Unknown,Natural / Dry,81.08,7.42,7.33,7.33,7.42,7.17,
Brazil,Mundo Novo,Natural / Dry,81.08,7.58,7.42,7.25,7.75,7.58,695.0
Nicaragua,Other,Washed / Wet,81.08,7.33,7.33,7.42,7.33,7.33,1100.0
United States,Pache Comun,Natural / Dry,81.08,7.42,7.17,7.42,7.25,7.33,1706.88
"Tanzania, United Republic Of",Other,Washed / Wet,81.08,7.42,7.33,7.25,7.25,7.33,1456.0
Costa Rica,Caturra,Washed / Wet,81.08,7.42,7.25,7.25,7.25,7.58,1500.0
United States (Puerto Rico),Other,Washed / Wet,81.08,7.67,7.75,7.58,7.58,7.67,853.44
Mexico,Typica,Washed / Wet,81.08,7.25,7.42,7.33,7.17,7.33,1650.0
Mexico,Typica,Washed / Wet,81.08,7.33,7.25,7.42,7.25,7.42,1300.0
Mexico,Typica,Washed / Wet,81.08,7.33,7.33,7.42,7.25,7.25,1642.0
Mexico,Typica,Washed / Wet,81.08,7.42,7.33,7.42,7.17,7.25,1200.0
United States (Hawaii),Hawaiian Kona,Washed / Wet,81.08,7.42,7.42,7.58,6.92,7.17,
Brazil,Bourbon,Pulped natural / honey,81.0,7.25,7.25,7.5,7.33,7.17,
El Salvador,Bourbon,Washed / Wet,81.0,7.42,7.08,7.33,7.25,7.58,1450.0
Brazil,Yellow Bourbon,Pulped natural / honey,81.0,7.33,7.17,7.67,7.33,7.17,
Guatemala,Bourbon,Washed / Wet,81.0,7.42,7.25,7.5,7.25,7.17,
Colombia,Caturra,Washed / Wet,81.0,7.67,7.5,5.25,7.67,7.75,1600.0
Guatemala,Bourbon,Washed / Wet,81.0,7.5,7.25,7.25,7.5,7.25,1219.2
Taiwan,Typica,Washed / Wet,81.0,7.25,7.17,7.25,7.5,7.33,758.0
Honduras,Caturra,Natural / Dry,81.0,7.42,7.25,7.33,7.25,7.17,1350.0
Brazil,Mundo Novo,Natural / Dry,81.0,7.67,7.75,7.75,7.83,7.75,
"Tanzania, United Republic Of",Other,Washed / Wet,81.0,7.33,7.33,7.42,7.17,7.33,1525.0
Uganda,SL14,Natural / Dry,81.0,7.33,6.92,7.33,7.42,7.42,1700.0
Taiwan,Typica,Semi-washed / Semi-pulped,81.0,7.5,6.92,7.33,7.33,7.33,1100.0
Thailand,Unknown,Washed / Wet,81.0,7.33,7.42,7.42,7.25,7.17,800.0
Mexico,Other,Washed / Wet,81.0,7.08,7.33,7.33,7.42,7.25,950.0
Mexico,Typica,Washed / Wet,81.0,7.58,7.67,7.67,7.58,7.5,1100.0
Taiwan,Other,Washed / Wet,80.92,7.33,7.17,7.33,7.33,7.25,200.0
Guatemala,Bourbon,Washed / Wet,80.92,7.67,7.67,7.58,7.67,7.5,1901.0
Kenya,SL28,Washed / Wet,80.92,7.17,7.58,7.5,8.0,7.75,1600.0
Mexico,Bourbon,Washed / Wet,80.92,7.5,7.33,7.42,7.5,7.33,1100.0
Myanmar,Other,Other,80.92,7.17,7.42,7.58,7.33,7.0,1066.8
United States (Hawaii),Hawaiian Kona,Natural / Dry,80.92,7.42,7.08,7.17,7.58,7.25,
"Tanzania, United Republic Of",Other,Washed / Wet,80.92,7.33,7.17,7.25,7.42,7.33,1700.0
Brazil,Yellow Bourbon,Natural / Dry,80.92,7.25,7.33,7.25,7.25,7.33,1200.0
Taiwan,Typica,Washed / Wet,80.92,7.92,7.67,7.08,7.08,7.08,550.0
Brazil,Bourbon,Natural / Dry,80.92,7.17,7.42,7.25,7.25,7.33,1100.0
Nicaragua,Caturra,Washed / Wet,80.92,7.33,7.08,7.0,7.5,7.42,1050.0
Guatemala,Pacas,Washed / Wet,80.92,7.58,7.42,7.5,7.25,7.17,1524.0
Taiwan,Typica,Washed / Wet,80.92,7.42,7.25,7.25,7.25,7.25,900.0
Taiwan,Typica,Other,80.92,7.25,7.17,7.08,7.08,8.08,688.0
Taiwan,Typica,Washed / Wet,80.92,7.42,7.25,7.25,7.25,7.25,300.0
Mexico,Typica,Washed / Wet,80.92,7.58,7.33,7.5,7.17,7.25,1186.0
Thailand,Peaberry,Unknown,80.92,7.67,7.58,7.33,7.17,7.0,
Laos,Catimor,Washed / Wet,80.83,7.42,7.33,7.17,7.17,7.25,1300.0
Guatemala,Caturra,Washed / Wet,80.83,7.67,7.25,7.33,7.17,7.25,1200.0
Mexico,Catuai,Semi-washed / Semi-pulped,80.83,7.17,7.08,7.42,7.25,7.33,1210.0
Mexico,Typica,Washed / Wet,80.83,7.33,7.25,7.33,7.25,7.17,1100.0
Mexico,Bourbon,Washed / Wet,80.83,7.5,7.17,7.25,7.17,7.17,100.0
United States (Hawaii),Hawaiian Kona,Washed / Wet,80.83,7.42,7.33,7.25,7.33,7.5,
Colombia,Unknown,Unknown,80.83,7.33,7.33,6.83,7.33,7.67,1800.0
Brazil,Unknown,Natural / Dry,80.75,7.17,7.25,7.17,7.25,7.58,
Myanmar,Catuai,Washed / Wet,80.75,6.92,7.5,7.58,7.5,7.08,
Guatemala,Caturra,Washed / Wet,80.75,7.5,7.33,7.42,7.17,7.17,1706.88
Nicaragua,Other,Washed / Wet,80.75,7.25,7.25,7.25,7.33,7.25,
Honduras,Caturra,Natural / Dry,80.75,7.5,7.33,7.42,7.25,7.17,1450.0
Panama,Caturra,Other,80.75,7.25,7.33,7.33,7.33,7.17,1680.0
Honduras,Catuai,Washed / Wet,80.75,7.42,7.17,7.42,7.25,7.25,1350.0
Honduras,Catuai,Natural / Dry,80.75,7.25,7.33,7.5,7.25,7.33,1450.0
Costa Rica,Caturra,Washed / Wet,80.75,7.33,7.33,7.25,7.17,7.17,1300.0
Mexico,Typica,Washed / Wet,80.75,7.58,7.33,7.25,7.5,7.5,1200.0
Haiti,Typica,Washed / Wet,80.75,7.42,7.0,7.25,7.08,7.33,1000.0
United States (Hawaii),Arusha,Natural / Dry,80.75,7.08,7.33,7.25,7.33,7.67,
Taiwan,Typica,Other,80.67,7.33,7.08,7.08,7.42,7.33,
Indonesia,Mandheling,Semi-washed / Semi-pulped,80.67,7.58,7.42,7.67,7.5,7.5,1350.0
Guatemala,Bourbon,Washed / Wet,80.67,7.67,7.42,7.17,7.42,7.17,1500.0
Costa Rica,Caturra,Washed / Wet,80.67,7.83,7.5,7.67,7.83,7.5,185.0
Malawi,Caturra,Washed / Wet,80.67,7.5,7.25,7.17,7.25,7.17,995.0
Mexico,Typica,Washed / Wet,80.67,7.25,7.17,7.25,7.17,7.42,1200.0
Colombia,Caturra,Natural / Dry,80.67,7.67,7.5,7.67,7.5,7.75,1550.0
Guatemala,Bourbon,Washed / Wet,80.67,7.67,7.17,7.5,7.0,7.0,1550.0
Guatemala,Bourbon,Washed / Wet,80.67,7.0,7.33,7.33,7.0,7.33,
Guatemala,Bourbon,Washed / Wet,80.67,7.0,7.5,7.17,7.17,7.17,
Colombia,Unknown,Unknown,80.67,7.17,7.25,7.42,7.08,7.42,
Brazil,Unknown,Unknown,80.58,7.33,7.25,7.08,7.58,7.25,
Nicaragua,Unknown,Unknown,80.58,7.08,7.5,7.25,7.42,7.0,
"Tanzania, United Republic Of",Other,Washed / Wet,80.58,7.25,7.08,7.33,7.33,7.25,1400.0
Brazil,Bourbon,Semi-washed / Semi-pulped,80.58,7.42,7.25,7.0,7.08,7.25,1200.0
Honduras,Caturra,Washed / Wet,80.58,7.5,7.17,7.42,7.33,7.0,1400.0
Guatemala,Bourbon,Natural / Dry,80.58,7.17,7.42,7.5,7.17,7.25,1383.792
United States (Hawaii),Unknown,Unknown,80.58,7.42,7.58,7.92,7.83,7.83,
Colombia,Unknown,Unknown,80.58,7.08,7.25,7.5,7.08,7.33,
Taiwan,Other,Natural / Dry,80.5,7.17,7.17,7.42,7.17,7.25,50.0
Guatemala,Caturra,Washed / Wet,80.5,7.33,7.25,7.17,7.25,7.17,1500.0
Honduras,Catuai,Washed / Wet,80.5,7.58,7.33,7.17,7.33,7.08,1650.0
Mauritius,Unknown,Unknown,80.5,7.25,7.25,7.17,7.25,7.17,280.0
Brazil,Yellow Bourbon,Semi-washed / Semi-pulped,80.5,7.25,7.33,7.5,7.33,7.25,1250.0
Myanmar,Other,Washed / Wet,80.5,7.17,7.33,7.42,7.25,7.08,
Guatemala,Other,Washed / Wet,80.5,7.5,7.17,7.5,7.17,7.17,1219.2
Brazil,Yellow Bourbon,Semi-washed / Semi-pulped,80.5,7.42,7.42,7.33,7.67,7.5,1250.0
United States (Hawaii),Hawaiian Kona,Natural / Dry,80.5,7.42,7.33,7.58,7.58,7.42,
Guatemala,Bourbon,Washed / Wet,80.5,7.5,7.5,7.67,7.17,7.0,1859.28
Mexico,Typica,Washed / Wet,80.5,7.25,7.25,7.33,7.25,7.17,1450.0
Honduras,Unknown,Unknown,80.42,7.25,7.42,7.42,7.33,7.0,1450.0
Taiwan,Typica,Washed / Wet,80.42,7.58,7.17,7.17,7.17,7.17,600.0
El Salvador,Bourbon,Washed / Wet,80.42,7.33,7.17,7.08,7.33,7.17,1450.0
China,Other,Washed / Wet,80.42,7.25,7.08,7.17,7.33,7.17,1700.0
Taiwan,Typica,Washed / Wet,80.42,7.25,7.25,7.25,7.25,7.25,600.0
Mexico,Typica,Washed / Wet,80.42,6.92,7.17,7.5,7.33,7.17,1050.0
Mexico,Caturra,Washed / Wet,80.42,7.42,7.08,7.33,7.25,7.17,1550.0
Burundi,Unknown,Unknown,80.33,7.08,7.25,7.33,7.08,7.08,1700.0
"Tanzania, United Republic Of",Bourbon,Washed / Wet,80.33,7.25,7.17,7.25,7.42,7.08,1700.0
"Tanzania, United Republic Of",Other,Washed / Wet,80.33,7.25,7.17,7.25,7.25,7.08,
Taiwan,Yellow Bourbon,Other,80.33,7.25,7.25,7.25,7.25,7.25,600.0
Guatemala,Bourbon,Washed / Wet,80.33,7.33,7.33,7.5,7.0,7.17,1310.64
Mexico,Typica,Semi-washed / Semi-pulped,80.33,7.25,7.08,7.33,7.33,7.17,940.0
United States (Hawaii),Hawaiian Kona,Washed / Wet,80.33,7.17,7.5,7.33,7.67,7.33,
Ethiopia,Unknown,Unknown,80.33,7.25,7.25,7.33,7.5,8.0,
Brazil,Catuai,Natural / Dry,80.25,7.17,7.33,7.08,7.0,7.0,995.0
Honduras,Caturra,Natural / Dry,80.25,7.25,7.25,7.0,7.42,7.0,1400.0
Mexico,Caturra,Washed / Wet,80.25,7.25,7.17,7.33,7.33,7.0,1600.0
Myanmar,Other,Natural / Dry,80.25,8.0,7.08,7.33,7.08,6.92,914.4
Myanmar,Catuai,Natural / Dry,80.25,7.42,7.0,7.0,7.17,7.33,
Nicaragua,Caturra,Washed / Wet,80.25,7.08,6.92,7.25,7.5,7.25,900.0
United States (Hawaii),Hawaiian Kona,Natural / Dry,80.25,7.5,7.08,7.67,7.42,7.58,
Colombia,Typica,Washed / Wet,80.25,7.42,8.0,7.75,8.08,7.58,
Taiwan,Typica,Semi-washed / Semi-pulped,80.25,7.25,7.08,7.25,7.17,7.25,700.0
Guatemala,Caturra,Washed / Wet,80.25,7.0,7.17,7.33,7.0,7.17,1400.0
Mexico,Caturra,Washed / Wet,80.25,7.58,7.33,7.25,6.75,7.0,808.0
Vietnam,Catimor,Other,80.17,7.42,7.25,7.58,7.42,7.33,1550.0
Nicaragua,Caturra,Washed / Wet,80.17,7.17,7.08,7.33,7.25,7.08,1187.5
Honduras,Catuai,Washed / Wet,80.17,7.25,7.25,7.17,7.08,7.08,1400.0
Guatemala,Bourbon,Washed / Wet,80.17,7.33,7.33,7.17,7.17,7.17,1310.64
Mexico,Typica,Washed / Wet,80.17,7.33,7.08,7.42,7.25,7.08,1250.0
Mexico,Typica,Washed / Wet,80.17,7.58,7.42,7.5,7.08,7.17,1550.0
Mexico,Bourbon,Washed / Wet,80.17,7.33,7.33,7.08,7.25,7.0,1000.0
Guatemala,Bourbon,Washed / Wet,80.17,7.33,7.33,7.33,7.0,7.0,1310.64
United States (Hawaii),Unknown,Unknown,80.17,7.58,7.5,7.33,7.67,7.33,
Brazil,Bourbon,Pulped natural / honey,80.08,7.17,7.17,7.17,7.25,7.25,1100.0
Taiwan,Typica,Washed / Wet,80.08,7.42,7.25,7.17,7.0,7.0,850.0
Nicaragua,Unknown,Natural / Dry,80.08,7.25,7.17,7.25,7.17,7.25,
Taiwan,Typica,Other,80.08,7.25,7.25,7.25,7.08,7.0,200.0
Taiwan,Typica,Washed / Wet,80.08,7.25,7.25,7.0,7.25,7.08,150.0
Taiwan,Typica,Semi-washed / Semi-pulped,80.08,7.25,7.25,7.08,7.17,7.08,250.0
Mexico,Typica,Washed / Wet,80.08,7.33,7.17,7.08,7.08,7.08,1300.0
Mexico,Typica,Washed / Wet,80.08,7.25,7.08,7.17,7.33,7.17,1300.0
Nicaragua,Caturra,Washed / Wet,80.0,7.33,7.08,7.08,7.42,7.17,1250.0
Myanmar,Other,Washed / Wet,80.0,7.17,7.33,7.42,7.17,7.0,
Mexico,Typica,Washed / Wet,80.0,7.58,7.75,7.5,7.5,7.5,1400.0
Taiwan,Typica,Washed / Wet,80.0,7.25,7.25,7.0,7.25,7.0,250.0
Thailand,Unknown,Washed / Wet,80.0,7.33,6.67,7.42,7.42,7.08,800.0
Mexico,Typica,Washed / Wet,80.0,7.25,7.25,7.17,7.33,7.33,1250.0
Mexico,Other,Washed / Wet,80.0,7.08,7.33,7.33,7.08,7.0,1100.0
Ethiopia,Unknown,Unknown,80.0,7.42,7.42,7.92,7.75,7.58,
Colombia,Unknown,Washed / Wet,79.92,7.83,7.67,7.75,7.83,7.17,
United States (Hawaii),Hawaiian Kona,Natural / Dry,79.92,7.5,7.0,6.92,7.33,7.17,
Mexico,Bourbon,Washed / Wet,79.92,7.33,7.08,7.33,7.42,7.17,1300.0
Mexico,Other,Washed / Wet,79.92,7.17,7.17,7.25,7.33,7.08,1100.0
Mexico,Bourbon,Washed / Wet,79.92,7.5,7.17,7.17,7.25,7.08,1100.0
Mexico,Catuai,Washed / Wet,79.92,7.17,7.08,7.08,7.5,7.33,1100.0
Mexico,Typica,Natural / Dry,79.92,7.33,7.25,7.42,7.17,7.17,1250.0
Mexico,Mundo Novo,Washed / Wet,79.92,7.17,7.33,7.58,7.33,7.08,1250.0
United States (Hawaii),Unknown,Unknown,79.92,7.5,7.42,7.42,7.5,7.58,
Kenya,SL34,Washed / Wet,79.83,7.0,7.08,7.17,7.25,7.25,1500.0
Guatemala,Bourbon,Washed / Wet,79.83,7.33,7.25,7.33,7.25,7.33,1700.0
Nicaragua,Caturra,Washed / Wet,79.83,6.83,7.17,6.92,7.5,7.08,1250.0
Mexico,Typica,Washed / Wet,79.83,7.17,7.08,7.25,7.5,7.0,1300.0
United States (Hawaii),Hawaiian Kona,Natural / Dry,79.83,7.58,7.08,7.17,7.5,7.17,
Guatemala,Bourbon,Washed / Wet,79.75,7.5,7.42,7.58,7.33,7.42,
Taiwan,Typica,Natural / Dry,79.75,7.75,7.33,7.33,7.67,7.83,1000.0
Taiwan,Typica,Washed / Wet,79.75,7.08,7.08,7.0,7.17,7.17,600.0
Thailand,Unknown,Washed / Wet,79.75,7.25,7.08,7.5,7.08,6.92,800.0
Peru,Unknown,Washed / Wet,79.75,7.0,7.08,7.25,7.5,7.42,
Costa Rica,Catuai,Washed / Wet,79.75,7.58,7.5,7.75,7.67,7.58,1100.0
Mexico,Typica,Washed / Wet,79.75,7.58,7.08,7.0,7.5,6.92,1400.0
Mexico,Bourbon,Washed / Wet,79.75,7.58,7.08,7.58,7.5,6.92,1022.0
Mexico,Bourbon,Washed / Wet,79.75,7.25,7.08,7.17,7.17,7.08,1300.0
Mexico,Bourbon,Washed / Wet,79.75,7.25,7.17,7.08,7.17,7.0,1450.0
Mexico,Typica,Washed / Wet,79.75,7.33,7.25,7.08,7.08,7.0,1050.0
Guatemala,Bourbon,Washed / Wet,79.75,7.58,7.33,7.33,7.0,7.33,
Mexico,Typica,Washed / Wet,79.75,7.25,6.83,7.08,7.25,7.08,1100.0
Guatemala,Bourbon,Washed / Wet,79.67,7.42,7.42,7.58,7.42,7.33,1219.2
El Salvador,Bourbon,Washed / Wet,79.67,7.25,7.08,6.83,7.33,7.17,1250.0
Thailand,Unknown,Washed / Wet,79.67,6.92,7.17,7.42,7.17,7.08,800.0
Guatemala,Bourbon,Washed / Wet,79.67,7.5,7.0,7.08,7.08,7.17,1310.64
Mexico,Typica,Washed / Wet,79.67,7.42,7.25,7.58,7.17,6.58,1400.0
Mexico,Caturra,Washed / Wet,79.67,7.33,7.17,6.75,7.08,7.0,975.0
Mexico,Mundo Novo,Washed / Wet,79.67,6.92,7.17,7.17,7.08,7.08,1264.0
Thailand,Peaberry,Unknown,79.67,7.17,7.17,7.0,7.25,6.92,
Mexico,Typica,Washed / Wet,79.58,7.08,7.0,7.33,7.25,7.08,1250.0
Mexico,Caturra,Washed / Wet,79.58,7.25,6.92,7.33,7.25,7.0,1550.0
Colombia,Unknown,Unknown,79.58,7.25,7.17,6.75,7.17,7.33,1800.0
Guatemala,Unknown,Unknown,79.58,7.08,7.0,7.33,7.25,7.0,1325.88
Nicaragua,Caturra,Natural / Dry,79.5,6.92,6.92,7.42,7.25,7.0,1050.0
Taiwan,Typica,Natural / Dry,79.5,6.92,7.0,7.0,7.42,7.0,700.0
Colombia,Caturra,Washed / Wet,79.5,7.83,7.5,7.42,7.67,7.5,1550.0
Mexico,Caturra,Washed / Wet,79.5,7.25,7.08,7.25,7.58,7.08,1550.0
Mexico,Typica,Washed / Wet,79.5,7.25,7.33,7.25,7.17,7.17,1100.0
Guatemala,Bourbon,Washed / Wet,79.42,7.08,7.33,7.58,7.33,7.42,1219.2
Guatemala,Other,Washed / Wet,79.42,7.25,7.33,7.0,7.0,7.17,1219.2
Mexico,Typica,Washed / Wet,79.42,7.0,6.83,7.42,7.33,7.17,800.0
Cote d?Ivoire,Unknown,Washed / Wet,79.33,7.42,7.25,7.0,7.33,7.08,200.0
Colombia,Caturra,Washed / Wet,79.33,7.42,7.25,7.25,7.42,7.25,1200.0
Mexico,Typica,Washed / Wet,79.33,7.0,7.0,7.33,7.42,6.92,950.0
Mexico,Typica,Washed / Wet,79.33,7.42,7.17,7.17,7.08,7.08,750.0
Guatemala,Bourbon,Washed / Wet,79.33,7.17,6.5,7.25,7.58,7.33,
Taiwan,Typica,Washed / Wet,79.25,7.08,6.83,7.25,7.42,7.08,850.0
Mexico,Bourbon,Washed / Wet,79.25,7.0,7.0,7.17,7.17,7.08,1000.0
Guatemala,Bourbon,Washed / Wet,79.17,7.33,7.42,7.42,7.5,7.42,1219.2
Honduras,Catuai,Washed / Wet,79.17,7.58,7.0,6.92,7.0,6.92,1650.0
Guatemala,Bourbon,Washed / Wet,79.17,7.08,7.0,7.42,7.0,6.92,1320.0
Guatemala,Catuai,Washed / Wet,79.17,7.25,7.17,7.25,7.0,6.92,1550.0
Costa Rica,Catuai,Washed / Wet,79.17,7.17,7.42,8.0,7.25,7.83,
Mexico,Typica,Washed / Wet,79.17,7.25,7.08,7.08,7.17,7.17,1550.0
Mexico,Typica,Washed / Wet,79.17,7.17,6.92,7.08,7.17,7.0,1450.0
Mexico,Typica,Unknown,79.17,6.75,6.75,7.25,7.58,7.08,1200.0
Guatemala,Bourbon,Washed / Wet,79.08,7.58,7.67,7.42,7.67,7.67,1700.0
United States (Puerto Rico),Other,Washed / Wet,79.08,7.42,7.08,7.33,7.33,6.92,853.44
Mexico,Typica,Washed / Wet,79.08,7.33,7.0,7.25,7.33,7.08,1500.0
Mexico,Mundo Novo,Washed / Wet,79.08,7.25,7.08,7.33,7.42,7.0,1100.0
Mexico,Typica,Washed / Wet,79.08,7.17,7.25,7.17,7.25,7.08,1200.0
Guatemala,Other,Washed / Wet,79.0,7.33,7.17,7.42,7.08,6.83,1219.2
Honduras,Pacas,Washed / Wet,79.0,7.0,7.0,7.0,7.0,7.0,1350.0
Peru,Typica,Washed / Wet,79.0,7.67,7.17,7.25,8.0,7.5,1400.0
Mexico,Mundo Novo,Natural / Dry,79.0,6.75,7.08,7.25,7.17,7.08,1300.0
Mexico,Typica,Semi-washed / Semi-pulped,79.0,7.5,7.17,7.5,7.25,7.0,1550.0
Mexico,Typica,Washed / Wet,79.0,7.17,6.83,7.25,7.17,6.92,12.0
Mexico,Typica,Washed / Wet,78.92,7.33,7.0,7.08,7.17,7.25,1300.0
Mexico,Typica,Washed / Wet,78.92,7.5,7.0,7.08,6.92,6.75,1400.0
Nicaragua,Caturra,Other,78.83,7.17,7.0,7.0,7.0,7.0,1100.0
United States (Hawaii),Unknown,Natural / Dry,78.75,7.5,6.92,7.25,7.58,7.42,
Guatemala,Bourbon,Washed / Wet,78.75,7.33,7.08,7.25,7.0,7.0,1310.64
Mexico,Typica,Washed / Wet,78.75,7.25,6.83,7.0,7.17,7.0,1320.0
Mexico,Typica,Semi-washed / Semi-pulped,78.75,7.25,7.33,7.25,7.08,7.0,1250.0
Mexico,Bourbon,Washed / Wet,78.75,7.67,7.17,7.33,7.58,7.17,1350.0
China,Typica,Washed / Wet,78.67,7.0,6.92,7.17,7.17,7.17,1850.0
Mexico,Caturra,Washed / Wet,78.67,6.92,6.92,7.25,7.17,6.92,1150.0
Nicaragua,Unknown,Unknown,78.58,7.08,7.0,6.83,7.08,6.92,
Nicaragua,Unknown,Natural / Dry,78.58,6.83,7.08,6.75,7.25,7.08,
Guatemala,Other,Washed / Wet,78.58,7.33,7.17,7.58,7.25,7.17,1219.2
Taiwan,Typica,Washed / Wet,78.58,6.83,6.75,7.25,7.0,6.92,800.0
Mexico,Typica,Washed / Wet,78.58,7.0,7.0,7.33,6.92,6.92,1400.0
Mexico,Typica,Washed / Wet,78.58,7.92,7.58,7.92,7.92,7.5,1300.0
United States (Hawaii),Unknown,Unknown,78.58,7.92,6.83,7.42,6.75,7.33,
Mexico,Bourbon,Washed / Wet,78.5,7.25,6.75,6.92,7.25,7.58,1600.0
Mexico,Typica,Washed / Wet,78.5,7.08,6.83,7.0,7.0,6.92,1400.0
Mexico,Caturra,Washed / Wet,78.5,7.25,7.17,6.83,7.58,7.08,1200.0
Brazil,Catuai,Natural / Dry,78.42,6.83,7.0,7.08,6.92,6.83,
Mexico,Typica,Washed / Wet,78.42,7.58,7.17,7.17,7.33,7.0,1500.0
United States (Hawaii),Hawaiian Kona,Natural / Dry,78.33,7.5,7.75,7.83,7.92,7.92,
Guatemala,Other,Washed / Wet,78.33,7.17,6.5,7.0,7.17,7.17,1219.2
Guatemala,Bourbon,Washed / Wet,78.33,7.17,7.17,7.17,7.0,6.83,1310.64
Mexico,Typica,Natural / Dry,78.33,7.25,7.25,7.5,7.33,7.42,1300.0
Guatemala,Bourbon,Washed / Wet,78.33,7.17,6.08,7.25,7.33,7.33,
United States (Hawaii),Hawaiian Kona,Natural / Dry,78.25,7.5,7.5,7.58,7.5,7.42,
United States (Hawaii),Hawaiian Kona,Natural / Dry,78.25,7.42,7.33,7.5,7.67,7.75,
Indonesia,Java,Washed / Wet,78.17,6.92,6.83,6.92,6.92,6.83,1300.0
Mexico,Typica,Washed / Wet,78.08,7.08,6.83,7.25,7.25,6.92,1050.0
Taiwan,Yellow Bourbon,Washed / Wet,78.0,7.5,7.08,7.17,7.5,7.5,650.0
Honduras,Pacas,Natural / Dry,78.0,6.83,7.0,7.0,7.0,6.83,1350.0
United States (Hawaii),Hawaiian Kona,Natural / Dry,78.0,7.58,7.33,7.42,7.5,7.33,
Guatemala,Other,Washed / Wet,78.0,7.42,7.25,7.33,7.0,6.92,1219.2
China,Typica,Washed / Wet,78.0,7.33,7.17,7.08,7.33,7.0,1200.0
Guatemala,Bourbon,Washed / Wet,78.0,7.0,6.83,7.17,6.67,6.83,1310.64
Mexico,Other,Washed / Wet,78.0,7.25,7.33,7.0,7.25,7.08,850.0
Colombia,Unknown,Unknown,78.0,7.42,7.17,7.17,7.67,7.17,
Costa Rica,Caturra,Washed / Wet,77.92,7.5,7.25,7.0,7.08,6.83,1200.0
Mexico,Typica,Washed / Wet,77.92,7.42,7.25,7.0,7.25,7.08,1248.0
Guatemala,Bourbon,Washed / Wet,77.92,7.17,6.17,7.08,7.33,6.83,
Nicaragua,Unknown,Unknown,77.83,7.42,7.0,7.17,7.08,7.0,1000.0
Brazil,Unknown,Washed / Wet,77.83,7.0,6.75,6.83,7.08,6.83,
Guatemala,Bourbon,Washed / Wet,77.83,7.0,6.83,7.17,6.83,6.83,1310.64
Taiwan,Typica,Washed / Wet,77.67,7.17,6.75,7.33,7.33,7.17,775.0
United States (Hawaii),Unknown,Natural / Dry,77.58,7.58,7.67,7.67,7.42,7.42,
Mexico,Typica,Washed / Wet,77.5,7.17,6.75,6.75,6.83,6.75,1300.0
Guatemala,Bourbon,Washed / Wet,77.42,7.08,6.92,7.0,6.92,7.0,1310.64
Brazil,Bourbon,Natural / Dry,77.33,7.5,7.33,7.58,7.58,6.92,890.0
Guatemala,Other,Washed / Wet,77.33,7.33,7.0,7.17,7.17,7.17,1219.2
Mexico,Typica,Washed / Wet,77.33,7.33,7.0,7.0,6.92,6.92,1500.0
Haiti,Typica,Washed / Wet,77.25,6.83,6.83,6.75,6.92,6.92,825.0
United States (Hawaii),Unknown,Natural / Dry,77.25,7.08,6.92,6.67,7.58,7.42,
Mexico,Other,Washed / Wet,77.17,7.08,7.0,7.25,7.33,7.25,1200.0
Peru,Caturra,Washed / Wet,77.0,7.42,7.75,7.67,7.92,7.83,1200.0
India,Unknown,Natural / Dry,76.83,7.67,7.33,6.67,7.17,7.42,
Mexico,Typica,Unknown,76.75,6.67,6.33,6.83,7.0,6.92,1200.0
Guatemala,Bourbon,Washed / Wet,76.5,6.42,6.5,7.33,6.33,6.92,
Mexico,Typica,Washed / Wet,76.42,7.17,6.58,7.0,7.25,6.58,1100.0
Guatemala,Bourbon,Washed / Wet,76.33,7.5,7.0,7.5,7.17,7.33,1310.64
Guatemala,Bourbon,Washed / Wet,76.33,6.17,6.5,7.17,7.0,6.83,
United States (Hawaii),Hawaiian Kona,Natural / Dry,76.25,7.25,7.08,7.17,7.33,6.83,
United States (Hawaii),Unknown,Natural / Dry,76.17,7.5,7.33,7.58,7.67,7.25,
Mexico,Typica,Washed / Wet,76.17,7.42,7.0,7.08,6.92,6.83,1400.0
Indonesia,Other,Natural / Dry,76.17,7.33,7.0,6.08,7.58,6.33,
Mexico,Bourbon,Washed / Wet,76.08,7.08,6.83,7.17,7.17,7.08,1250.0
Honduras,Pacas,Natural / Dry,76.0,6.83,6.83,6.83,7.0,6.83,1350.0
Philippines,Unknown,Washed / Wet,75.83,6.83,6.5,6.92,6.75,7.0,1000.0
Brazil,Unknown,Natural / Dry,75.67,7.17,7.0,7.5,7.17,7.0,
Guatemala,Bourbon,Washed / Wet,75.58,7.92,7.58,7.58,7.33,7.17,1310.64
Guatemala,Bourbon,Washed / Wet,75.58,6.67,6.5,7.0,7.17,6.75,
Mexico,Pacamara,Washed / Wet,75.5,7.5,7.25,7.0,7.17,6.83,1100.0
Mexico,Mundo Novo,Washed / Wet,75.17,7.17,6.92,6.83,7.25,7.75,1200.0
Mexico,Other,Washed / Wet,75.17,7.25,6.83,7.08,7.17,6.83,1100.0
Mexico,Typica,Washed / Wet,75.17,7.17,7.17,7.17,7.42,6.67,1280.0
Mexico,Typica,Washed / Wet,75.0,7.0,6.92,6.92,7.17,6.83,850.0
Mexico,Typica,Washed / Wet,74.92,7.08,6.75,7.0,7.0,6.75,1500.0
Mexico,Typica,Washed / Wet,74.83,7.33,6.75,7.25,7.5,7.0,1250.0
Guatemala,Bourbon,Washed / Wet,74.75,6.75,6.5,7.0,7.25,6.75,
Guatemala,Bourbon,Washed / Wet,74.75,6.75,6.67,7.17,7.0,6.58,
Mexico,Typica,Washed / Wet,74.67,7.08,7.0,7.5,7.33,6.83,1700.0
United States (Hawaii),Hawaiian Kona,Natural / Dry,74.42,7.5,7.25,7.25,7.42,7.33,
Guatemala,Bourbon,Washed / Wet,74.33,6.5,6.33,7.5,7.33,6.83,1310.64
Mexico,Typica,Washed / Wet,74.33,7.0,6.58,6.83,7.08,6.83,1140.0
Mexico,Typica,Washed / Wet,74.0,6.92,6.42,7.33,7.25,6.75,1200.0
Mexico,Typica,Washed / Wet,73.83,7.67,7.0,7.58,7.33,7.33,1250.0
United States (Hawaii),Hawaiian Kona,Natural / Dry,73.67,7.17,7.17,7.58,7.67,6.92,
Brazil,Unknown,Unknown,73.5,7.25,6.58,7.0,7.0,6.42,
Honduras,Pacas,Washed / Wet,73.42,7.0,7.17,7.17,7.0,7.17,1350.0
Mexico,Typica,Washed / Wet,72.92,7.08,7.08,7.08,6.92,6.92,1200.0
Colombia,Unknown,Natural / Dry,72.83,8.0,7.33,7.33,7.42,7.67,
United States (Hawaii),Hawaiian Kona,Natural / Dry,72.58,6.92,6.92,7.5,7.58,7.17,
Haiti,Unknown,Unknown,72.33,6.92,6.75,7.17,7.33,6.67,1020.0
Costa Rica,Caturra,Washed / Wet,71.75,6.33,6.5,6.83,6.33,6.5,1200.0
Mexico,Mundo Novo,Washed / Wet,71.08,6.92,6.92,6.92,7.17,7.0,800.0
Mexico,Bourbon,Washed / Wet,71.0,6.5,6.67,7.17,7.33,6.5,1800.0
Mexico,Typica,Washed / Wet,70.75,6.92,7.0,6.92,7.42,6.92,1000.0
Brazil,Unknown,Natural / Dry,70.67,7.0,7.0,7.0,7.33,6.83,
Honduras,Catuai,Washed / Wet,69.33,6.67,6.5,6.67,6.83,6.17,1450.0
Honduras,Catuai,Washed / Wet,69.17,7.0,6.17,6.67,6.5,6.17,1450.0
Honduras,Catuai,Washed / Wet,69.17,7.0,6.33,6.5,6.67,6.17,1450.0
Mexico,Bourbon,Washed / Wet,68.33,7.08,6.83,7.42,7.25,6.75,900.0
Haiti,Typica,Natural / Dry,67.92,6.75,6.58,6.67,7.08,6.67,350.0
Nicaragua,Caturra,Other,63.08,7.25,6.58,6.25,6.42,6.08,1100.0
